id,domain,status,purchase_price,renewal_price,attractiveness,demand,length,registrar,created_at,expires_at,status_verified_at
c0a9fafa-bb5d-4d15-ad1f-db7a7a7825dd,kinglike.cool,available,5.98,50.98,medium,low,8,namecheap,,,22/08/2026 16:19
229d94de-a16b-4175-90c5-6b8524df99c5,crappy.cool,available,5.98,50.98,medium,low,6,namecheap,,,13/08/2026 05:12
58746d55-d975-4a8b-9d33-27a26271285c,unshaded.cool,available,5.98,50.98,medium,low,8,namecheap,,,12/09/2026 19:27
2ddf4a27-d924-4132-b156-d07690500aa4,buckingham.cool,available,5.98,50.98,high,low,10,namecheap,,,25/09/2026 12:25
e99a3ebc-ae5b-475f-98fe-436f20aef9fb,armature.cool,available,5.98,50.98,high,low,8,namecheap,,,20/09/2026 06:32
322d7cc3-4982-4870-8906-906d0cad6a36,moderate.cool,available,5.98,50.98,high,low,8,namecheap,,,12/08/2026 00:16
8fa9e312-307c-4f83-b7c1-81fe83b37dd7,heracles.cool,available,9.49,44.99,high,low,8,namesilo,,,18/09/2026 04:03
dcb3d8ad-1251-4430-b24a-d1298f15cad8,assuage.cool,available,5.98,50.98,high,low,7,namecheap,,,18/08/2026 22:06
256eda55-b3f3-423a-a844-fdc0f1d1b7b3,apercu.cool,available,5.98,50.98,medium,low,6,namecheap,,,19/09/2026 16:30
96647d29-3eb7-43cd-abe6-949a283a78d0,sweetsop.cool,available,9.49,44.99,medium,low,8,namesilo,,,19/09/2026 10:27
780c27c0-b70c-4c8e-bf8f-3a36905aab33,nash.cool,available,9.99,,high,low,4,name.com,,,
8f7138ff-7304-43d6-b86d-c678487b67ff,descent.cool,available,5.98,50.98,high,low,7,namecheap,,,08/09/2026 13:07
4c8dc867-3e1d-4254-a45e-80dbad2f36d9,proved.cool,available,9.99,,high,low,6,name.com,,,
81df30e8-8558-4687-913b-7163f900a602,enchanting.cool,available,5.98,50.98,medium,low,10,namecheap,,,09/08/2026 18:21
7114e9f3-377f-445e-88f3-fbde79df763a,entirety.cool,available,9.99,,high,low,8,name.com,,,
ee45eee7-e6a7-4d98-a238-357affa2e466,beira.cool,available,9.49,44.99,medium,low,5,namesilo,,,23/09/2026 04:20
1c240413-d5a5-4cff-b3c4-2df40689f8ff,unused.cool,available,9.99,,medium,low,6,name.com,,,
fb8af1b7-c09e-4910-b56b-e703a0d64475,cheeky.cool,available,5.98,50.98,high,low,6,namecheap,,,11/08/2026 02:26
2635622e-e72f-40ce-9a3c-a74db85e0fa8,shotgun.cool,available,5.98,50.98,high,low,7,namecheap,,,26/09/2026 00:14
d4b1d653-856c-48a3-a620-7f7cbf5e0fd8,umbrellas.cool,available,9.49,44.99,medium,low,9,namesilo,,,18/09/2026 22:52
f2217c4d-be90-423c-8ee3-9e4efeb3e41d,dendroid.cool,available,5.98,50.98,medium,low,8,namecheap,,,06/08/2026 13:50
bca17d52-6d78-4237-9061-e64d7eae88f4,altaic.cool,available,5.98,50.98,medium,low,6,namecheap,,,
bde539fa-1d00-4c59-9284-9f5d427de4ca,barnacle.cool,available,9.49,44.99,high,low,8,namesilo,,,22/09/2026 06:46
2c6ef92d-a854-41b2-b779-708073e8ee77,crepuscle.cool,available,5.98,50.98,medium,low,9,namecheap,,,11/09/2026 21:50
dd5a8ad4-472a-4596-b902-e7b69d0075eb,fierily.cool,available,5.98,50.98,low,low,7,namecheap,,,14/09/2026 18:22
82c9904e-2fc3-4243-b87c-8091fdee1518,chomsky.cool,available,9.49,44.99,medium,low,7,namesilo,,,16/09/2026 12:59
7bc27fb6-339e-4f15-a02f-f75f7fa3fd4e,quiesce.cool,available,5.98,50.98,medium,low,7,namecheap,,,09/09/2026 08:52
e183db49-2173-41db-9c44-1f23a1445108,scrape.cool,available,9.49,44.99,high,low,6,namesilo,,,16/09/2026 16:59
4adce49e-ff0d-45ed-9790-1eb875e5d5b8,blockade.cool,available,9.99,,high,low,8,name.com,,,
2d269a5b-d41d-4b59-a763-386300b96fab,delighted.cool,available,5.98,50.98,high,low,9,namecheap,,,09/08/2026 10:01
13f6226a-8e71-4495-88c3-dbffd48bc231,trifle.cool,available,5.98,50.98,high,low,6,namecheap,,,13/09/2026 08:07
8538900e-bb12-439b-b325-3b20bda7b163,comstock.cool,available,5.98,50.98,high,low,8,namecheap,,,19/09/2026 13:40
88db7852-a95c-4740-8f66-1d0bca9147da,nuthin.cool,available,9.99,,medium,low,6,name.com,,,
cb8302c9-5c2d-4fe0-81ee-e9f2ec15f27a,grugru.cool,available,9.49,44.99,medium,low,6,namesilo,,,17/09/2026 03:33
c4c0d96a-bcd6-4437-8dd7-879dd5410ac2,uncrowded.cool,available,5.98,50.98,medium,low,9,namecheap,,,12/09/2026 06:35
01968757-d0de-4953-b52c-ad63138523ed,hopkins.cool,available,9.49,44.99,high,low,7,namesilo,,,19/09/2026 13:42
14e5a438-5ded-46e2-a761-3158a1c233f8,equations.cool,available,9.49,44.99,medium,low,9,namesilo,,,18/09/2026 12:39
dd6bec69-8356-43cc-8e4a-65371fb3758d,unwearable.cool,available,5.98,50.98,medium,low,10,namecheap,,,12/09/2026 22:31
cf27d6aa-db35-4dc0-b8b6-bd991b5bee14,baptist.cool,available,9.49,44.99,high,low,7,namesilo,,,22/09/2026 03:32
6cc4e92b-a5de-4173-a7fe-c21764d9c88a,caracas.cool,available,9.99,,high,low,7,name.com,,,
f6590cf7-da45-468a-90ca-444279c5f1b2,variant.cool,available,5.98,50.98,high,low,7,namecheap,,,13/09/2026 01:15
af9d7719-85c9-49ad-8757-a67898974522,anorexic.cool,available,5.98,50.98,medium,low,8,namecheap,,,
5827e7d0-48b5-47b7-bb5f-be258148cbc8,unplanned.cool,available,5.98,50.98,medium,low,9,namecheap,,,12/09/2026 16:51
03fc51d3-6b45-4106-b2b3-b9803917ffd5,gilded.cool,available,5.98,50.98,high,low,6,namecheap,,,14/08/2026 00:55
9edb1763-7787-4086-999e-560f98a0afe5,broth.cool,available,9.49,44.99,high,low,5,namesilo,,,24/09/2026 10:49
9c593ea1-54d9-46e4-88ee-2171a09a65ad,axis.cool,resell,,,high,medium,4,"Sav.com, LLC - 40",27/05/2026 15:15,27/05/2027 15:15,24/09/2026 06:56
fa6382e5-8e64-4a37-b4b6-3b93286cdbc4,azygos.cool,available,5.98,50.98,medium,low,6,namecheap,,,08/08/2026 03:32
11a9d5d3-7aac-4c33-bd5f-b400ef430bac,stael.cool,available,9.49,44.99,medium,low,5,namesilo,,,22/09/2026 07:38
0ac63ab2-3bdb-4acf-a269-cfcd62355ef0,gradable.cool,available,5.98,50.98,medium,low,8,namecheap,,,08/09/2026 03:31
b69cc528-9a99-4aea-b922-382cdcdef3fc,rime.cool,available,5.98,50.98,high,low,4,namecheap,,,21/08/2026 10:08
284f4bcd-a594-4e01-bbb2-888c1be071c0,gusty.cool,available,5.98,50.98,high,low,5,namecheap,,,20/08/2026 21:10
c5dec1ad-8edf-41ad-b885-a22ed41a5cd6,baldy.cool,available,5.98,50.98,medium,low,5,namecheap,,,21/09/2026 21:43
3dd47146-7aba-4d96-9bd4-78985530c98c,bayat.cool,available,5.98,50.98,medium,low,5,namecheap,,,22/09/2026 17:57
394ba65c-d0ab-409e-a269-14f86cff1c3f,mannerly.cool,available,5.98,50.98,medium,low,8,namecheap,,,24/08/2026 15:20
00cf89fd-3d20-485b-a633-323fbf985691,march.cool,available,,,high,high,5,,,,
ba3f0364-68df-49c0-b03d-89347cec7a24,blanket.cool,available,5.98,50.98,high,low,7,namecheap,,,08/09/2026 07:17
2d3aede3-25f5-4589-aecf-6d63696838c9,downstream.cool,available,5.98,50.98,high,low,10,namecheap,,,14/08/2026 17:59
5ea160cd-10d7-4d93-9fad-45655529b450,scholarship.cool,available,9.49,44.99,high,low,11,namesilo,,,25/09/2026 12:31
9549adce-1184-4948-8691-adb576bd46f6,audiometer.cool,available,9.49,44.99,medium,low,10,namesilo,,,21/09/2026 02:58
96879001-7330-42e8-8c7e-15da33a70af9,constancy.cool,available,9.49,44.99,high,low,9,namesilo,,,24/09/2026 17:32
679ddf1c-3f88-44fb-8e86-bce7d9c54580,wilted.cool,available,5.98,50.98,medium,low,6,namecheap,,,23/08/2026 13:24
a88b79a6-9175-48b5-be15-7259bbb2710e,wintery.cool,available,5.98,50.98,high,low,7,namecheap,,,13/09/2026 12:39
1777e501-900e-47f9-8ba8-890a56f74134,banker.cool,available,9.49,44.99,high,low,6,namesilo,,,22/09/2026 02:46
cdd6bcad-15b1-4c4a-9682-f8d8a98a263a,within.cool,available,9.99,,high,low,6,name.com,,,
1ce2c760-3cff-403c-95ed-8e4661c054fd,corey.cool,available,9.49,44.99,high,low,5,namesilo,,,26/09/2026 03:27
786b5815-25b6-4c73-844f-ceecf9233cfe,popular.cool,premium,242,242,high,low,7,namesilo,,,
6f8cb8b3-2163-4aa5-b84c-41730d540230,acicular.cool,available,5.98,50.98,medium,low,8,namecheap,,,
befd8573-7425-49d9-9006-b13928db63ae,thriving.cool,available,5.98,50.98,high,low,8,namecheap,,,10/08/2026 19:22
3eedc357-ea52-4774-b440-17dc8f18692b,buyer.cool,available,5.98,50.98,high,low,5,namecheap,,,24/09/2026 08:30
a5841ab0-12fd-4f63-841d-244282fd1c88,therein.cool,available,5.98,50.98,high,low,7,namecheap,,,15/09/2026 07:03
13f45d2b-6fe4-4241-8f59-9a79a5eb3601,theropod.cool,available,5.98,50.98,medium,low,8,namecheap,,,23/09/2026 19:39
9f584261-6afc-453a-8f45-fef0b282c2bd,aspidistra.cool,available,9.49,44.99,medium,low,10,namesilo,,,20/09/2026 15:15
840b348a-ffce-4ebd-9bc9-b2b63c6bd0a2,slant.cool,available,5.98,50.98,high,low,5,namecheap,,,22/08/2026 22:07
0b6780a9-3615-4dae-84e7-dbb499c10361,agility.cool,available,9.99,65.99,high,low,7,name.com,,,17/09/2026 17:49
6669d689-7328-4616-8e6f-6e3312fa27e0,marian.cool,available,5.98,50.98,high,low,6,namecheap,,,24/08/2026 15:53
c385e9d1-8ada-41e7-a064-7f134dcc2715,concoct.cool,available,9.99,,high,low,7,name.com,,,
9b41a114-3fae-4247-b65d-ce72657d23c0,amanita.cool,available,9.49,44.99,medium,low,7,namesilo,,,18/09/2026 15:43
d081e448-bc81-4756-b401-19c9a234c3ea,lenticular.cool,available,5.98,50.98,high,low,10,namecheap,,,09/08/2026 19:26
bbafea6c-9212-4af7-971d-1c238ca137d8,turning.cool,available,9.49,44.99,high,low,7,namesilo,,,26/09/2026 00:27
59845c6f-af3f-47a0-a01d-6157312194e4,pinwheel.cool,available,9.49,44.99,high,low,8,namesilo,,,17/09/2026 12:41
a2674cfb-83c1-4265-88cb-4cd9c8e9e15d,pealing.cool,available,9.49,44.99,medium,low,7,namesilo,,,19/09/2026 11:12
2e920688-0dd1-4863-9e94-12bd09b4a751,machines.cool,available,9.49,44.99,high,low,8,namesilo,,,24/09/2026 13:52
171e815d-25be-4c72-b530-ea44de7ab033,unhallowed.cool,available,5.98,50.98,medium,low,10,namecheap,,,12/09/2026 11:49
89459ed8-b501-4813-bbc6-06fbbbb19f21,shout.cool,available,9.99,,high,low,5,name.com,,,
0eb2145a-6a40-4ceb-b751-ab8ab297f2f0,unfunny.cool,available,5.98,50.98,high,low,7,namecheap,,,12/09/2026 11:05
bf748263-1b26-481d-86c8-09572c5395b0,barbican.cool,available,5.98,50.98,medium,low,8,namecheap,,,22/09/2026 04:18
5178f91b-cdd6-44e8-b420-595f7af728c0,calcium.cool,available,9.49,44.99,high,low,7,namesilo,,,20/09/2026 22:32
3b10a38c-1e8d-4d59-8c88-875e22955392,heel.cool,available,9.99,,high,low,4,name.com,,,
9bfc2e17-c153-4c57-8633-8a8746e33daf,categoric.cool,available,5.98,50.98,medium,low,9,namecheap,,,11/08/2026 21:29
cd736c6a-7e73-4cb7-a611-6fc1c4fb17d2,couth.cool,available,5.98,50.98,medium,low,5,namecheap,,,13/08/2026 03:54
ff2917d2-d714-43f3-bcd3-00be1f1c3893,accepted.cool,available,9.49,44.99,high,low,8,namesilo,,,21/09/2026 15:25
6a7a5132-8b24-426e-8bf2-8ff0818eb723,maximising.cool,available,5.98,50.98,high,low,10,namecheap,,,24/08/2026 17:58
7e165326-ee50-44a0-8e14-3f5ee564fcd7,when.cool,available,9.99,,high,low,4,name.com,,,
2c23cc15-3cf3-484a-96b4-6c5cb3c2533a,appease.cool,available,5.98,50.98,high,low,7,namecheap,,,18/08/2026 22:08
500b36c6-6e70-40d1-ab74-291b86e0ac0b,girlish.cool,available,5.98,50.98,high,low,7,namecheap,,,18/08/2026 23:59
815818e4-a57f-4da8-9bb2-fc6943266d1e,clerk.cool,available,9.99,,high,low,5,name.com,,,
c928e31a-a4ae-4a24-a85f-982a8ad66a93,bedder.cool,available,9.49,44.99,medium,low,6,namesilo,,,22/09/2026 23:13
a81d0f7c-d132-4d91-92ac-eb5e1e098195,vaccination.cool,available,9.99,,high,low,11,name.com,,,
e91ad8d6-3e68-4863-a144-dba06da77928,thallium.cool,available,9.49,44.99,medium,low,8,namesilo,,,20/09/2026 23:51
93b99e08-6497-4583-ba6a-dde5cf11e3ce,chaste.cool,available,5.98,50.98,high,low,6,namecheap,,,12/08/2026 03:11
5490f1fc-702a-4550-98a4-bd1468942a30,maxilla.cool,available,5.98,50.98,medium,low,7,namecheap,,,24/08/2026 17:52
7826a68e-012a-4b30-b035-2600f7a73b95,eats.cool,available,5.98,50.98,high,low,4,namecheap,,,24/09/2026 14:57
717acc13-2d17-47ff-87be-82d901104e4d,dilute.cool,available,5.98,50.98,high,low,6,namecheap,,,
99d54686-49a4-43ed-8e75-7b264af0f1fd,obsessive.cool,available,5.98,50.98,high,low,9,namecheap,,,25/09/2026 23:45
0771f6d4-7f7f-44e0-a69e-b7848ce5a6b5,sunglass.cool,available,9.99,,high,low,8,name.com,,,
c665bf08-8ef7-4aa1-b0e9-241db8e7b00d,swing.cool,available,9.99,,high,low,5,name.com,,,
2cdb8042-c9e6-4547-8709-1f4042e87bd7,bonnily.cool,available,5.98,50.98,medium,low,7,namecheap,,,14/09/2026 01:04
598216a8-bbc2-49f9-baed-d589e6bc3d1c,bratty.cool,available,5.98,50.98,high,low,6,namecheap,,,11/08/2026 02:37
314a058c-2ed6-4b53-adf3-bbce3368f531,bandstand.cool,available,9.49,44.99,high,low,9,namesilo,,,22/09/2026 01:32
29ace61c-10cd-4d99-98f2-94d5d33449d6,dslr.cool,available,9.99,,high,low,4,name.com,,,
36e6ed4a-278c-4e04-be30-bda915a3bfc3,sectioned.cool,available,5.98,50.98,medium,low,9,namecheap,,,10/09/2026 01:20
c71597f1-ec7b-4e55-9b3a-7e025264f938,analytic.cool,available,5.98,50.98,high,low,8,namecheap,,,
5841db8d-acad-4536-acae-e0ecfc6f0e7c,boron.cool,available,9.49,44.99,medium,low,5,namesilo,,,20/09/2026 23:12
12c3885c-b6d4-4802-babc-7176cf9c101a,curvaceous.cool,available,5.98,50.98,high,low,10,namecheap,,,10/08/2026 20:30
7cb1b0d6-d7ad-4226-b334-738741136df5,pitted.cool,available,5.98,50.98,medium,low,6,namecheap,,,
379f6bc3-a273-447b-a099-d6c08f3fecb9,anatomy.cool,available,9.99,,high,low,7,name.com,,,
41d660c2-d283-499e-9123-e31d4db6b399,packages.cool,available,9.49,44.99,medium,low,8,namesilo,,,19/09/2026 00:23
69f74709-e728-46a9-bcd6-4d320a3dcc7e,copernican.cool,available,5.98,50.98,medium,low,10,namecheap,,,13/08/2026 00:26
0d72abf5-e801-4200-9e00-238e75d5ec69,anorectal.cool,available,5.98,50.98,medium,low,9,namecheap,,,
b5f8fe5f-aac3-4961-8daa-4a479e24bfbc,miscible.cool,available,5.98,50.98,medium,low,8,namecheap,,,25/08/2026 01:23
1a35d52c-5cf9-40ac-a8e2-5ad06c30e5e7,semisweet.cool,available,5.98,50.98,medium,low,9,namecheap,,,10/09/2026 03:29
a015bced-60f4-4ca6-8a65-c1973629f1f2,teetotal.cool,available,5.98,50.98,medium,low,8,namecheap,,,11/09/2026 10:14
196be3b1-51a1-40da-930b-ebb50463b6c3,breakable.cool,available,5.98,50.98,medium,low,9,namecheap,,,11/08/2026 02:59
c40c639b-b1d6-495b-9de4-31672fe65752,khartoum.cool,available,9.49,44.99,medium,low,8,namesilo,,,24/09/2026 12:25
a43646bb-e6e3-4b68-885c-90896c7ac064,bicycling.cool,available,9.49,44.99,high,low,9,namesilo,,,23/09/2026 13:28
846e46da-bef0-4adf-b8b4-86ad694dcf8d,propellant.cool,available,5.98,50.98,high,low,10,namecheap,,,09/09/2026 03:26
e2ffbc79-5008-49ee-a6dd-9435e463cf47,alpinia.cool,available,9.49,44.99,medium,low,7,namesilo,,,18/09/2026 14:02
9aab3c7f-b852-4699-970b-7b5a92f9d442,out.cool,resell,,,high,low,3,"Global Domains International, Inc. DBA DomainCostClub.com",12/07/2026 15:15,12/07/2027 15:15,25/09/2026 17:35
b1f9c37b-3e6c-485c-b3d9-f57e25117b7b,globular.cool,available,5.98,50.98,high,low,8,namecheap,,,08/08/2026 10:06
7924dd29-225e-4f29-b493-ad05d5791509,baruch.cool,available,5.98,50.98,medium,low,6,namecheap,,,22/09/2026 09:33
0b09cb30-bcc1-4cdb-9225-f4a3e70b063f,dildo.cool,available,9.49,44.99,high,low,5,namesilo,,,24/09/2026 22:19
f0b53921-f216-4d7e-9134-4de922144d7d,twinkly.cool,available,5.98,50.98,medium,low,7,namecheap,,,09/08/2026 04:13
8cb45f10-c37a-45f9-a207-582e4ce526a8,raiding.cool,available,5.98,50.98,medium,low,7,namecheap,,,24/08/2026 15:45
d6b753c8-1dca-4090-bfca-e9c39c9ddb88,seraphic.cool,available,5.98,50.98,high,low,8,namecheap,,,12/08/2026 04:26
73d36ba6-5848-4a4e-94a5-a71f475eb657,villainous.cool,available,5.98,50.98,medium,low,10,namecheap,,,03/09/2026 14:59
6b485f56-4cf7-4bc9-b5c6-72f47d0ec1a8,apartheid.cool,available,9.49,44.99,medium,low,9,namesilo,,,19/09/2026 16:15
7d7df398-9cf3-4659-804f-2d7001d953d4,surfer.cool,premium,123.75,,high,low,6,name.com,,,
97868986-d821-4b02-a166-cd312224f752,amicably.cool,available,5.98,50.98,medium,low,8,namecheap,,,13/09/2026 19:29
6302173f-55d6-44a9-9e6d-7d0ce0e1a652,antipope.cool,available,9.49,44.99,medium,low,8,namesilo,,,19/09/2026 15:00
470fd274-f8e8-4f66-842c-df29680591de,dire.cool,available,5.98,50.98,medium,low,4,namecheap,,,14/08/2026 08:44
d6f98044-64d7-40c8-9c79-035ef23c7e59,woes.cool,available,9.49,44.99,medium,low,4,namesilo,,,20/09/2026 07:52
ed2a7706-23b0-4039-8805-ff46dcfba971,blankness.cool,available,9.49,44.99,medium,low,9,namesilo,,,24/09/2026 04:02
815e21a5-d0d1-4b0d-8ee8-bf7335b70b94,enjoyable.cool,available,5.98,50.98,high,low,9,namecheap,,,17/08/2026 09:17
ed0df080-d499-4547-8397-87478661cfb9,bandeau.cool,available,9.49,44.99,high,low,7,namesilo,,,22/09/2026 01:04
3237bc04-df4a-4449-8870-d6beed8910f3,biddable.cool,available,5.98,50.98,high,low,8,namecheap,,,
933b6d54-a725-4869-b9d3-6ac45334cb89,owns.cool,available,9.49,44.99,medium,low,4,namesilo,,,18/09/2026 16:37
2eeccd97-625b-4952-9729-da730ff8b30f,underived.cool,available,5.98,50.98,medium,low,9,namecheap,,,12/09/2026 07:29
8a9b27a6-b1c1-4c1d-ae57-cc6b52e8f2af,chaos.cool,resell,,,high,medium,5,,,,22/09/2026 23:21
8bed5222-2ebd-4d98-ae84-5907a6e154f1,fixing.cool,available,9.49,44.99,high,low,6,namesilo,,,18/09/2026 14:47
5612c698-3b7c-40fb-928b-807c6c145b1f,utopian.cool,available,5.98,50.98,high,low,7,namecheap,,,13/09/2026 00:12
1b39319f-870a-4195-9b79-20cb912c8451,alacritous.cool,available,5.98,50.98,high,low,10,namecheap,,,
92fb293b-f94b-4cca-896d-aac8a602efb3,scheming.cool,available,5.98,50.98,medium,low,8,namecheap,,,11/08/2026 14:03
78b7570c-c236-4b17-adfe-e2ec40576720,tedious.cool,available,9.49,44.99,medium,low,7,namesilo,,,23/09/2026 00:32
b315f34b-c1fe-40ca-9bf5-82ba9fc33586,goony.cool,available,9.49,44.99,medium,low,5,namesilo,,,23/09/2026 23:48
c19460f3-cd12-431e-b620-96b7e4b510db,accountants.cool,premium,242,242,medium,low,11,namesilo,,,20/09/2026 02:26
e05677b5-c214-427b-b650-7f28b0ee78ab,mouths.cool,available,9.99,65.99,medium,low,6,name.com,,,18/09/2026 08:01
0eb4187a-8741-454e-a145-6590e7d572f6,archibald.cool,available,5.98,50.98,medium,low,9,namecheap,,,25/09/2026 18:45
7495a9ef-b778-407d-b01e-92c24cee9d7a,measurement.cool,available,9.99,,high,low,11,name.com,,,
7dcbba00-5a19-4413-a0c5-eef168f621b4,faithfully.cool,available,5.98,50.98,high,low,10,namecheap,,,14/09/2026 11:42
5e8fbaf0-099f-4cb3-ba96-911a271e5c81,publicity.cool,available,9.99,,high,low,9,name.com,,,
c0bc7438-1bbd-4e0f-9e91-01375b70ec3b,leaning.cool,available,5.98,50.98,high,low,7,namecheap,,,07/08/2026 13:24
e8b67e59-d3ec-4905-b196-7621fed889c7,lucania.cool,available,5.98,50.98,medium,low,7,namecheap,,,22/09/2026 10:51
f8e491cf-1c9a-4a08-9337-d2d344e7cbd0,pronounce.cool,available,9.99,,high,low,9,name.com,,,
9d5bade0-c02d-40ad-8c5f-d55891664921,threesome.cool,available,5.98,50.98,high,low,9,namecheap,,,
776cb4f5-da37-47d8-9add-815aae9aad9a,alternator.cool,available,9.49,44.99,medium,low,10,namesilo,,,18/09/2026 14:48
8c793382-63fe-43a4-b1f9-783324b333df,ciliary.cool,available,5.98,50.98,medium,low,7,namecheap,,,12/08/2026 08:04
7396331a-47e3-438f-8bca-60a2ba84677f,sedated.cool,available,5.98,50.98,low,low,7,namecheap,,,16/09/2026 18:04
e92241f0-51e6-420c-ba00-568b01ba7a48,encamp.cool,available,5.98,50.98,medium,low,6,namecheap,,,11/08/2026 15:56
605fba02-12a0-4b1c-9e30-a4aa29ae2ea3,corner.cool,available,9.99,,high,low,6,name.com,,,
d9ec5b72-74ce-4511-8379-3020a89f39b9,ablated.cool,available,5.98,50.98,medium,low,7,namecheap,,,
f947fb53-e53d-4755-83eb-9de3c3d8eecf,airless.cool,available,5.98,50.98,medium,low,7,namecheap,,,
c18ce497-a25a-44fa-8672-aec105879cd2,lightless.cool,available,5.98,50.98,medium,low,9,namecheap,,,23/08/2026 04:36
9ef6d4ba-8ae4-48de-9980-d08c4c1d5d4d,sopping.cool,available,5.98,50.98,medium,low,7,namecheap,,,14/09/2026 14:30
b6851880-8ada-4988-83a0-307b743c0981,titular.cool,available,5.98,50.98,medium,low,7,namecheap,,,11/09/2026 16:32
c613d3d0-2ba1-4882-ac60-49cbe8a57d93,cockup.cool,available,9.49,44.99,medium,low,6,namesilo,,,21/09/2026 23:29
5ac1eb5a-df80-4339-9043-af8963ce8322,uninformed.cool,available,5.98,50.98,medium,low,10,namecheap,,,12/09/2026 13:22
db714576-f0ed-48c1-bb43-729511de6eef,amazed.cool,available,9.49,44.99,high,low,6,namesilo,,,22/09/2026 03:33
e5c020ac-e655-4f09-ab13-72b127722081,uncivil.cool,available,5.98,50.98,medium,low,7,namecheap,,,12/09/2026 05:12
011f5c64-f19f-4f91-8299-0fafa3d4c21a,orad.cool,available,5.98,50.98,medium,low,4,namecheap,,,15/09/2026 18:09
d05e6ca0-5fa6-4263-8cd6-fb136ec0767b,alcohol.cool,available,9.49,44.99,high,low,7,namesilo,,,25/09/2026 10:44
2f3346d2-a88f-40a9-9279-c11bb63af938,pervious.cool,available,5.98,50.98,medium,low,8,namecheap,,,08/09/2026 18:09
db7fe268-3020-4875-870d-0c66e2b93fc6,unanswered.cool,available,5.98,50.98,medium,low,10,namecheap,,,12/09/2026 00:43
e4040266-0b3b-4d23-8e80-595b8383e9ad,sing.cool,available,9.99,,high,low,4,name.com,,,
602f7da2-792b-420a-bfad-827ac613a52f,georgetown.cool,available,5.98,50.98,high,low,10,namecheap,,,25/09/2026 16:59
e094f01c-0f73-4b19-aa1e-c2627e4f356d,allium.cool,available,9.49,44.99,high,low,6,namesilo,,,18/09/2026 11:13
177b0b0d-ab15-4c60-99f8-59ad6704ed18,inwardly.cool,available,5.98,50.98,medium,low,8,namecheap,,,15/09/2026 09:18
3eaf6910-4d37-4875-a4a3-99f2f0569108,banding.cool,available,5.98,50.98,high,low,7,namecheap,,,22/09/2026 01:17
dd5fb0f8-b834-4c1d-acb5-e61786cff4ff,elvis.cool,available,9.99,,high,low,5,name.com,,,
bbd163d5-866f-4988-a922-3984ca954c2f,fist.cool,available,9.99,,high,low,4,name.com,,,
8004217a-c050-4a46-a466-92650309ee77,populous.cool,available,5.98,50.98,high,low,8,namecheap,,,08/09/2026 23:57
7ba3852d-a8f3-4e93-ae35-65a52c9271fd,communist.cool,available,9.49,44.99,high,low,9,namesilo,,,23/09/2026 16:14
99697476-f853-4e85-818e-f1620dd4de35,slippy.cool,available,5.98,50.98,medium,low,6,namecheap,,,10/09/2026 11:03
dfc835e6-3e31-4ad1-8282-5f3aa527102c,grandiose.cool,available,5.98,50.98,high,low,9,namecheap,,,20/08/2026 17:58
068760b5-b4dc-4697-881a-77e1b07211ca,abor.cool,available,9.49,44.99,medium,low,4,namesilo,,,16/09/2026 16:36
1f4e900c-e0f2-4b8f-836c-020ad11f8ce5,crosby.cool,available,9.49,44.99,high,low,6,namesilo,,,23/09/2026 17:15
40611ca4-d695-45ba-acf2-13f70998b9ed,lxiii.cool,available,5.98,50.98,medium,low,5,namecheap,,,
4764bd25-13ec-41c9-9e68-50ef5fd3f06f,abettal.cool,available,9.49,44.99,medium,low,7,namesilo,,,16/09/2026 15:18
325ec4cc-2850-4c47-8ad6-b662c5ccedc7,sayonara.cool,available,5.98,50.98,high,low,8,namecheap,,,17/09/2026 08:15
c4fa4a44-245c-4c9e-8560-8b79e94bf3e1,compact.cool,available,9.49,44.99,high,low,7,namesilo,,,23/09/2026 16:18
5946ae12-8969-4fa7-b0c1-869a4bfe8b7a,grievous.cool,available,5.98,50.98,medium,low,8,namecheap,,,07/08/2026 14:41
bef907c0-6fb4-4730-80be-51737b77e459,struck.cool,available,5.98,50.98,medium,low,6,namecheap,,,10/09/2026 11:50
7736eed3-088b-4cb9-ac4d-282a22c71201,begetter.cool,available,5.98,50.98,medium,low,8,namecheap,,,23/09/2026 02:08
2d3bab4e-fa4c-4e9d-b7a3-7164e92d4772,isosceles.cool,available,5.98,50.98,high,low,9,namecheap,,,22/08/2026 11:16
ea68afbd-9c1a-448e-bf42-2b6cc3643619,magicians.cool,available,5.98,50.98,medium,low,9,namecheap,,,20/09/2026 20:54
f185b7da-1ae1-425e-8e3c-69f7915fb404,divorcing.cool,available,9.49,44.99,low,low,9,namesilo,,,17/09/2026 22:37
51eb578c-4899-4715-9ddd-67167b793045,former.cool,available,5.98,50.98,high,low,6,namecheap,,,24/09/2026 21:24
78cb9af7-9bed-42cb-b069-568c76e3672e,culturally.cool,available,5.98,50.98,high,low,10,namecheap,,,14/09/2026 09:57
9d8aaa64-380d-4f82-acc5-f61ddf9d8967,filmable.cool,available,5.98,50.98,medium,low,8,namecheap,,,18/08/2026 04:23
17d80536-a152-4d21-8147-541eee34923b,abwatt.cool,available,9.49,44.99,medium,low,6,namesilo,,,16/09/2026 19:39
a401844d-266f-4102-b033-67f1a1f3af11,romish.cool,available,5.98,50.98,medium,low,6,namecheap,,,05/09/2026 01:30
ad73cb05-3fd1-43aa-9463-42a4e1eddff6,disks.cool,available,9.49,44.99,medium,low,5,namesilo,,,18/09/2026 11:49
e22079ba-90f6-4499-bc1d-60cf7e157881,blat.cool,available,5.98,50.98,medium,low,4,namecheap,,,10/08/2026 13:38
7601d8ea-59fd-46d4-9273-8019878ec6c0,trying.cool,available,5.98,50.98,high,low,6,namecheap,,,03/09/2026 15:44
8b011e0b-9aab-4409-8ad2-0b207ab7722a,bettor.cool,available,5.98,50.98,high,low,6,namecheap,,,23/09/2026 11:49
640087fc-9da8-431e-a589-a16e4c8a19ab,zarqa.cool,available,9.49,44.99,high,low,5,namesilo,,,21/09/2026 10:58
cebb7991-695a-417b-854d-c5f0af61485f,cheater.cool,available,9.49,44.99,medium,low,7,namesilo,,,23/09/2026 02:30
0b2cb9fa-7e28-4f4f-b8f4-b46524b00695,floater.cool,available,5.98,50.98,medium,low,7,namecheap,,,13/09/2026 00:52
698cdff9-f44b-49d3-920b-d184560357bd,biased.cool,available,5.98,50.98,medium,low,6,namecheap,,,09/08/2026 18:36
40f5d516-dc12-45d8-9fec-1477dbd770e7,get.cool,resell,,,high,high,3,"DNSPod, Inc.",03/12/2017 14:44,03/12/2035 14:44,25/09/2026 17:18
fb8465b3-d749-4ecc-8f48-91267b82182e,matches.cool,available,9.49,44.99,high,low,7,namesilo,,,18/09/2026 17:25
65826d09-78e5-4630-8fde-b5a0701adeb4,pratt.cool,available,9.49,44.99,high,low,5,namesilo,,,25/09/2026 12:12
37e85993-a46c-4ee3-b4ab-9ce401c2426a,nursed.cool,available,5.98,50.98,medium,low,6,namecheap,,,03/09/2026 23:03
ff5a66be-0ba5-4303-8a59-54de9b130091,pour.cool,available,9.99,,high,low,4,name.com,,,
8fe1aefa-118c-45f7-abab-ab87e400e6a9,steam.cool,available,,,high,medium,5,,,,
737350c8-132a-4fc0-8776-a49ab5102eb4,oars.cool,available,9.49,44.99,medium,low,4,namesilo,,,18/09/2026 11:47
fc5c7e32-9f1e-4947-80c0-0978ffa2a20f,opencut.cool,available,5.98,50.98,medium,low,7,namecheap,,,04/09/2026 16:10
798d728b-51c5-416d-834a-11f34d510011,baronage.cool,available,9.49,44.99,medium,low,8,namesilo,,,22/09/2026 07:18
c694146c-8aba-490e-8068-ddd68eddf338,fragmental.cool,available,5.98,50.98,high,low,10,namecheap,,,18/08/2026 14:01
6c068800-8b83-47b5-8834-1c219f0510ce,aflutter.cool,available,5.98,50.98,medium,low,8,namecheap,,,
4f6b1e2d-d883-42e3-ab66-cf4f78e5b7a5,stupefy.cool,available,9.49,44.99,medium,low,7,namesilo,,,21/09/2026 17:33
24681157-2b47-4a48-922d-02d9f055bd25,dakar.cool,available,9.99,,high,low,5,name.com,,,
803d8e4a-2347-43c3-b3e9-dd155a3a9c9e,mckinley.cool,available,5.98,50.98,high,low,8,namecheap,,,25/09/2026 04:51
5860f16b-7dd6-4db6-a218-824eb5e79afb,modeler.cool,available,9.99,,high,low,7,name.com,,,
7cf540a1-46d4-4214-97e0-7e612ce1b9dc,jovial.cool,available,5.98,50.98,high,low,6,namecheap,,,22/08/2026 13:42
fa91e191-afbc-4318-8fa5-5799fe84467a,erase.cool,available,9.99,,high,low,5,name.com,,,
74d2b809-2760-43a4-bbe8-8ffad0145d02,indigent.cool,available,5.98,50.98,medium,low,8,namecheap,,,14/08/2026 04:34
1d1bd669-4490-4777-83c9-76c9c1d5c665,gould.cool,available,9.49,44.99,high,low,5,namesilo,,,25/09/2026 06:39
f847ed4b-3bdb-4372-b47b-ea9b61bb3c1e,formicary.cool,available,9.49,44.99,medium,low,9,namesilo,,,19/09/2026 13:26
c6d1b089-d41c-4bb1-b8a5-3ddf9c3e9f22,arcadic.cool,available,9.49,44.99,medium,low,7,namesilo,,,20/09/2026 01:36
f9a5a612-4f52-4d9f-8622-44260564a483,postnatal.cool,available,5.98,50.98,medium,low,9,namecheap,,,09/09/2026 00:35
db79a28b-55d7-4a9f-a7c7-42705ca17cf3,remedial.cool,available,9.49,44.99,high,low,8,namesilo,,,22/09/2026 02:24
8228fd54-750a-4b19-99ee-20d41b0ed57c,acarine.cool,available,5.98,50.98,medium,low,7,namecheap,,,16/09/2026 21:33
afb08bbb-ee06-4f4b-a20b-11bf4aaf60c7,conducted.cool,available,9.99,,medium,low,9,name.com,,,
cba572b9-bc63-43d9-b669-449569fb4669,gladiola.cool,available,5.98,50.98,medium,low,8,namecheap,,,19/08/2026 00:09
97cedb81-2f23-4d74-8d5f-585656056ee3,cockpit.cool,available,9.99,,high,low,7,name.com,,,
51a661c8-1c90-4c88-bfa0-a9e4148d0824,cram.cool,available,5.98,50.98,high,low,4,namecheap,,,10/08/2026 18:14
37c5740b-1362-4a5b-99ec-3e135bc8c57d,bethel.cool,available,9.49,44.99,medium,low,6,namesilo,,,23/09/2026 11:13
e0853430-1f3e-4b9a-ae66-3e30e28cebb7,assured.cool,available,5.98,50.98,high,low,7,namecheap,,,07/08/2026 08:21
31abda5b-bfe8-4577-a81a-777efe2fdb99,topology.cool,available,9.49,44.99,high,low,8,namesilo,,,19/09/2026 01:59
2a4d926c-e493-4100-a4ae-6f81033aa25e,auxesis.cool,available,5.98,50.98,medium,low,7,namecheap,,,21/09/2026 08:33
444b797d-0c7a-4334-909b-bdaef902bb83,doubtless.cool,available,5.98,50.98,high,low,9,namecheap,,,14/09/2026 13:54
906b8363-c43e-4230-92c6-f014cf4be853,molal.cool,available,5.98,50.98,medium,low,5,namecheap,,,25/08/2026 03:31
3ed05244-9e8b-4a44-a162-592014c45a02,rand.cool,available,9.49,44.99,high,low,4,namesilo,,,21/09/2026 10:39
861f694d-2def-4ceb-90fc-d2bfc6326704,andromeda.cool,available,9.99,,high,low,9,name.com,,,
12ffe9bd-a3ae-4172-b6ab-379ffed69c0d,diehard.cool,available,5.98,50.98,high,low,7,namecheap,,,11/09/2026 18:42
e901f76e-9fc4-4529-aaea-de464311b136,pentium.cool,available,9.99,,high,low,7,name.com,,,
7a6376f6-cb13-427b-a580-f144861a10f9,disabled.cool,available,5.98,50.98,high,low,8,namecheap,,,24/09/2026 10:55
26bd87cb-772b-4dff-aa80-33d337d53b90,fourscore.cool,available,5.98,50.98,medium,low,9,namecheap,,,
53f2f981-afc8-4d1b-b756-f0d6a2640c84,araneus.cool,available,5.98,50.98,medium,low,7,namecheap,,,20/09/2026 00:05
d41e3fb9-8f12-43b2-8649-a8d072096bbe,bendable.cool,available,5.98,50.98,medium,low,8,namecheap,,,09/08/2026 14:07
3eb07287-5e13-41c4-8113-ae766a561a51,roller.cool,available,9.99,,high,low,6,name.com,,,
36eeed06-9849-4daf-81d5-47f95c410ec0,queerly.cool,available,5.98,50.98,medium,low,7,namecheap,,,14/09/2026 18:39
65aa80b5-c4a4-4352-8205-ad5570400c77,biotitic.cool,available,5.98,50.98,medium,low,8,namecheap,,,10/08/2026 03:33
e426a632-524b-4aa1-8b99-ceec8d5f1212,humoring.cool,available,5.98,50.98,high,low,8,namecheap,,,05/09/2026 00:31
a9595fe0-0d67-4181-8bf3-00d9df1f99a1,resentment.cool,available,9.49,44.99,medium,low,10,namesilo,,,23/09/2026 23:03
39023875-b200-4529-9cf0-bce92a5341e1,auk.cool,available,9.49,44.99,medium,low,3,namesilo,,,21/09/2026 04:07
4ea68174-e872-474a-9990-7b9b71130bc1,brits.cool,available,5.98,50.98,high,low,5,namecheap,,,11/08/2026 04:46
85817aeb-5410-4368-9331-2994687c95d2,emphatic.cool,available,5.98,50.98,high,low,8,namecheap,,,16/08/2026 16:45
6b30982e-d320-4227-bcfb-9633f550ebfe,roue.cool,available,5.98,50.98,medium,low,4,namecheap,,,09/09/2026 02:53
35dea793-8d61-43f2-afb2-66d9a410950b,distract.cool,available,9.99,,high,low,8,name.com,,,
402acd73-a32f-4caf-b140-2e2521a04ebd,gooney.cool,available,5.98,50.98,medium,low,6,namecheap,,,23/09/2026 23:44
8358e285-82b9-4aeb-8ac1-33c909f7b564,alderman.cool,available,9.49,44.99,medium,low,8,namesilo,,,18/09/2026 04:34
c71486ea-1554-47cf-bd4e-087a0df564f3,anasazi.cool,available,5.98,50.98,high,low,7,namecheap,,,19/09/2026 03:16
7b59a384-12e3-4dab-acbf-4b26a7ec96a7,fascinated.cool,available,5.98,50.98,high,low,10,namecheap,,,24/09/2026 17:12
d64c1a62-9cfc-4f5e-9300-29d5b93da5ff,proximate.cool,available,5.98,50.98,high,low,9,namecheap,,,09/09/2026 04:46
4034da14-86d1-40fb-b2d4-bd5b68d4ffe2,annotation.cool,available,9.49,44.99,high,low,10,namesilo,,,19/09/2026 10:38
10a07394-3ec2-4fee-94ec-41b3f69a275f,breadfruit.cool,available,5.98,50.98,high,low,10,namecheap,,,20/09/2026 11:57
ef075890-2694-44e5-9dda-f0e24548af23,kicking.cool,available,9.99,,high,low,7,name.com,,,
0e582c32-d84e-4e1d-8824-11caf6727126,libraries.cool,available,9.99,65.99,medium,low,9,name.com,,,20/09/2026 00:02
f55b591a-6d6d-4656-9fd4-f4743d1428f6,amylase.cool,available,9.49,44.99,medium,low,7,namesilo,,,19/09/2026 00:30
78f28c80-dc18-4a61-b1f1-922c653aee2f,disraeli.cool,available,9.49,44.99,medium,low,8,namesilo,,,23/09/2026 08:17
f8a5857a-e1f2-4e20-83d8-08578212305e,affects.cool,available,9.49,44.99,medium,low,7,namesilo,,,20/09/2026 03:57
d557c6a3-fd31-4b96-beb1-63853fff2d11,digitate.cool,available,5.98,50.98,medium,low,8,namecheap,,,14/08/2026 07:19
b11f0269-36e0-44b3-a5c2-942af2ae4c2c,desire.cool,available,5.98,50.98,high,low,6,namecheap,,,19/09/2026 18:10
6dc9851a-24d3-4603-a44d-59979b064a0b,overturned.cool,available,5.98,50.98,medium,low,10,namecheap,,,04/09/2026 21:55
537df2fc-f40b-4999-9ec7-d8f112315ac0,maoist.cool,available,5.98,50.98,medium,low,6,namecheap,,,24/08/2026 15:38
bf079651-94dc-4e10-bfa4-81c9d23ef99a,capitol.cool,available,9.99,,high,low,7,name.com,,,
723f640f-1ea7-4eb7-a96c-2a41c55c174f,oldfield.cool,available,9.49,44.99,medium,low,8,namesilo,,,22/09/2026 06:52
807721ae-6d13-4c1a-b2e6-7436da9d4e32,isolation.cool,available,9.49,44.99,high,low,9,namesilo,,,24/09/2026 16:00
c78b6648-296c-4377-add2-81bdfd97ef21,celiac.cool,available,5.98,50.98,medium,low,6,namecheap,,,11/08/2026 23:23
b6887584-5c60-4f37-9894-9ec768bb900a,aralia.cool,available,9.49,44.99,medium,low,6,namesilo,,,19/09/2026 23:52
689cf7eb-12fe-40e5-ab80-0771154a4881,homey.cool,available,5.98,50.98,high,low,5,namecheap,,,21/08/2026 11:06
1195cd83-d6e8-41e7-a84b-fbe9e3faa511,shoe.cool,resell,,,high,low,4,"Sav.com, LLC - 32",27/10/2025 15:15,27/10/2026 15:15,
27091e92-f47f-4d33-b6e2-22ac0d6f8cf0,boxing.cool,premium,250,,high,low,6,name.com,,,
dcb046c9-4f66-4892-ac27-6838ccc7be4e,upc.cool,available,9.99,,high,low,3,name.com,,,
d1e2f807-a176-4fbe-94e6-c515de1c5365,contraband.cool,available,5.98,50.98,high,low,10,namecheap,,,22/09/2026 21:25
55e8ad47-991a-4720-b88d-718126c1818a,defensive.cool,available,5.98,50.98,high,low,9,namecheap,,,13/08/2026 23:15
b9daf98a-fc86-47cd-bd42-0bb775fb1e2a,supporting.cool,available,9.99,,high,low,10,name.com,,,
1b8fe598-495c-48cc-bab4-0ef152cba1fc,logistics.cool,available,5.98,50.98,high,low,9,namecheap,,,25/09/2026 14:40
481659fe-45fb-4a40-a054-1ed5dd167873,buoyant.cool,available,5.98,50.98,high,low,7,namecheap,,,11/08/2026 10:06
9260b0af-6e05-44fe-b9c5-0749626a15d5,angelo.cool,available,9.49,44.99,high,low,6,namesilo,,,25/09/2026 16:57
80ea72d0-ec9b-44a0-b40b-9329d5f33fc3,chiliad.cool,available,5.98,50.98,high,low,7,namecheap,,,
697f5da1-a4c9-4547-a9bb-100db9c85e9f,pictured.cool,available,5.98,50.98,medium,low,8,namecheap,,,14/08/2026 02:14
2ec26e3a-3ff8-429c-846e-6dc3f8c49d85,pills.cool,available,9.49,44.99,medium,low,5,namesilo,,,20/09/2026 04:26
d7ae6cc2-8f4d-480e-8db5-a96855adaf5a,beading.cool,available,5.98,50.98,high,low,7,namecheap,,,22/09/2026 19:27
86ac6eff-69cd-434d-a838-29bb48bc7c0e,skin.cool,premium,500,,high,low,4,name.com,,,
79b65465-05ef-41b0-a550-4faf4c0a01cc,catholics.cool,available,5.98,50.98,medium,low,9,namecheap,,,19/09/2026 20:28
fa88f4a2-bf5f-4fae-ae26-79f8f81672a6,inhibit.cool,available,9.99,,high,low,7,name.com,,,
601e635a-bbd2-40dd-a7e0-d43263034df3,stilly.cool,available,5.98,50.98,low,low,6,namecheap,,,10/09/2026 20:35
8d642990-c342-44b9-8ced-9007d8dba6ec,codes.cool,premium,242,242,high,low,5,namesilo,,,
fd529b84-f52e-42fa-ba9a-46d56bcfd91b,anaerobe.cool,available,9.49,44.99,medium,low,8,namesilo,,,19/09/2026 01:18
451934aa-7099-4453-8c5e-50c5980ca0cc,strip.cool,available,5.98,50.98,high,low,5,namecheap,,,24/09/2026 05:53
ca78ac9c-bf8f-4927-a36c-f7ea058c5dcd,hesperides.cool,available,9.49,44.99,medium,low,10,namesilo,,,20/09/2026 21:44
8bc3bad9-b2fc-4a41-be92-3d4f79ea8296,referred.cool,available,9.49,44.99,medium,low,8,namesilo,,,17/09/2026 06:11
6ae1522a-a6f5-4cce-bf2c-7e177f19e517,mockingly.cool,available,5.98,50.98,medium,low,9,namecheap,,,14/09/2026 12:02
615a8bda-5034-463f-a9c5-02dbb3f6e165,bathsheba.cool,available,9.49,44.99,medium,low,9,namesilo,,,22/09/2026 13:52
e24ff2c8-b2cb-4922-ab03-734c712389ab,fictional.cool,available,5.98,50.98,high,low,9,namecheap,,,17/08/2026 20:18
b911c449-d9e8-4342-aec2-c6e909ba05a2,malone.cool,available,9.49,44.99,high,low,6,namesilo,,,25/09/2026 05:13
a3a88dee-af98-432a-b9af-dfd848d9e3e7,confession.cool,available,9.99,,high,low,10,name.com,,,
a9ab6c89-15e4-4217-9bf4-3bbe4a4bfae8,unlisted.cool,available,5.98,50.98,high,low,8,namecheap,,,12/09/2026 14:55
433220da-b88c-4f0d-bc4d-74e300912423,hanging.cool,available,5.98,50.98,high,low,7,namecheap,,,25/09/2026 04:41
3ee079aa-569c-4ebf-86fd-c8f7672c24ac,needle.cool,available,9.99,,high,low,6,name.com,,,
936a0bb5-0343-464d-a31b-0b62a38fa827,platonic.cool,available,5.98,50.98,high,low,8,namecheap,,,08/09/2026 20:53
5ca34f29-0296-4f06-ac19-0c11ce9cfeaa,voluble.cool,available,5.98,50.98,medium,low,7,namecheap,,,13/09/2026 06:59
6827644f-b440-49ce-b64e-14856e32fcce,corded.cool,available,5.98,50.98,medium,low,6,namecheap,,,13/08/2026 00:57
fb25400f-e547-4a07-ac27-6f8a59af4082,handler.cool,available,9.49,44.99,high,low,7,namesilo,,,19/09/2026 08:51
d838993f-ade4-4b48-99af-e23db145d1ad,humbug.cool,available,9.49,44.99,high,low,6,namesilo,,,21/09/2026 23:48
13103d08-4294-4181-a9d3-ddca73a7e716,leash.cool,available,5.98,50.98,high,low,5,namecheap,,,
5335df3b-02ed-40ca-9e1d-deded7e1377c,radioed.cool,available,9.49,44.99,medium,low,7,namesilo,,,20/09/2026 15:44
55c826a7-4b60-4b65-88c7-ac0adf42e86c,ashen.cool,available,5.98,50.98,medium,low,5,namecheap,,,07/08/2026 02:09
55ce790c-632c-477c-a3a6-61457e24bf23,auvergne.cool,available,9.49,44.99,medium,low,8,namesilo,,,21/09/2026 08:32
b52a6037-ea23-46b4-b8f5-0cbbdfdefa0e,avignon.cool,available,9.49,44.99,high,low,7,namesilo,,,21/09/2026 09:35
d743b199-7bb6-442c-b2a2-e34ed724d1fc,systemic.cool,available,5.98,50.98,high,low,8,namecheap,,,11/09/2026 06:46
b195ec9f-3148-4c62-8924-bb02ca45c414,darling.cool,available,5.98,50.98,high,low,7,namecheap,,,09/08/2026 13:48
b32be64a-bb5d-474c-83c7-769c04d815c4,arabian.cool,available,5.98,50.98,high,low,7,namecheap,,,06/08/2026 11:05
656b21e3-1848-4b1c-97e3-fe9dc9c39ea4,adust.cool,available,5.98,50.98,medium,low,5,namecheap,,,
93ccf2e2-b746-4bb2-a50e-26106460a384,paniculate.cool,available,5.98,50.98,medium,low,10,namecheap,,,05/09/2026 01:01
6ff4ef63-8649-4689-94f7-25bd919c0cc0,dolce.cool,available,5.98,50.98,high,low,5,namecheap,,,14/09/2026 13:39
fdfe4557-a556-40ad-ac48-840a4f5fb3c0,retracted.cool,available,9.99,,medium,low,9,name.com,,,
71ae7e5f-2ca1-4ba1-b318-774bac0b9271,blackmail.cool,available,5.98,50.98,high,low,9,namecheap,,,24/09/2026 02:52
3f517fd0-cafa-480a-95e7-43d86db83ad1,curfew.cool,available,5.98,50.98,high,low,6,namecheap,,,24/09/2026 20:27
dd951337-b23a-4a3e-bc2b-53273e93cbde,sucker.cool,available,5.98,50.98,high,low,6,namecheap,,,18/09/2026 08:56
1e086df4-360e-4139-aab8-7cf782c5c1fd,agnate.cool,available,5.98,50.98,medium,low,6,namecheap,,,
5f1e021b-b45f-4141-9e27-1306d2425f90,indocile.cool,available,5.98,50.98,medium,low,8,namecheap,,,22/08/2026 03:18
c6f9e693-c46e-4b91-8191-dfbfa2bf35d3,transonic.cool,available,5.98,50.98,medium,low,9,namecheap,,,10/09/2026 14:11
39ef2f29-316c-46d7-bcfc-0a9c66156814,formalized.cool,available,5.98,50.98,high,low,10,namecheap,,,18/08/2026 12:03
0e22c4e0-1887-4aca-9b0f-7424f97e3082,dicky.cool,available,5.98,50.98,medium,low,5,namecheap,,,14/08/2026 06:27
b6baaa74-6d4a-4a49-83f3-de4086c34acb,bewildered.cool,available,5.98,50.98,medium,low,10,namecheap,,,07/08/2026 11:52
dfe174f7-8f01-4c43-957e-5e996935ee48,voices.cool,available,9.99,,high,low,6,name.com,,,
6f46f581-d6b2-49ef-8c3d-40a387aeeb68,statewide.cool,available,5.98,50.98,high,low,9,namecheap,,,10/09/2026 19:10
a9640db5-3f9b-46f3-acd9-d569209a5b64,blate.cool,available,5.98,50.98,medium,low,5,namecheap,,,10/08/2026 13:35
c37758b9-3f67-4263-9070-efb7342a9870,aeriform.cool,available,5.98,50.98,medium,low,8,namecheap,,,
386c7be8-1347-46ff-b48b-2eefac5d3d0b,condign.cool,available,5.98,50.98,medium,low,7,namecheap,,,12/08/2026 20:26
8afe8b79-b2c7-4d8c-bd27-f52bf9cd20d5,ambiguity.cool,available,9.49,44.99,high,low,9,namesilo,,,18/09/2026 16:43
a598c9a5-46bd-44a7-8a36-0bf29fe81913,barbell.cool,available,9.49,44.99,high,low,7,namesilo,,,22/09/2026 04:49
ed3ffd48-e598-40ba-b738-5b38ca1e07e1,disconnect.cool,available,9.99,,high,low,10,name.com,,,
b2b675a5-397e-438a-b8fa-00cb8f89ddfb,unlike.cool,available,9.99,,high,low,6,name.com,,,
9072f3b5-70ad-40d3-9355-df0d93f5712c,energising.cool,available,5.98,50.98,high,low,10,namecheap,,,17/08/2026 06:43
ab011eb6-41d7-40e0-85ca-47cec735aec8,saucy.cool,available,5.98,50.98,high,low,5,namecheap,,,21/08/2026 22:17
b9738284-822c-4afb-a840-9397f6a15e4d,romani.cool,available,5.98,50.98,high,low,6,namecheap,,,10/08/2026 17:29
ed0b0c93-c33f-4315-a0f2-43d5de37d5c3,aruru.cool,available,9.49,44.99,medium,low,5,namesilo,,,20/09/2026 12:26
9771809d-ee17-4cfd-9145-0610c907cd9a,spheroidal.cool,available,5.98,50.98,medium,low,10,namecheap,,,16/08/2026 05:22
a9f9cb1a-a553-4027-a079-d10ad715c27a,squared.cool,available,5.98,50.98,high,low,7,namecheap,,,10/09/2026 17:27
345ba27a-7be2-4af8-ac5e-5897d06cf38f,clothing.cool,premium,520,520,high,low,8,namecheap,,,23/09/2026 08:13
62a97968-5271-4cbd-97c9-093124bc4da2,ochre.cool,available,5.98,50.98,high,low,5,namecheap,,,04/09/2026 00:33
4962cca7-d7d5-45e4-b5ae-15556de4cf00,dixon.cool,available,5.98,50.98,medium,low,5,namecheap,,,25/09/2026 17:44
4e108ebd-e7d8-4e6d-8ef5-4206d236f368,abs.cool,available,9.49,44.99,high,low,3,namesilo,,,16/09/2026 17:29
a80d1128-444f-4eee-a2d9-75e6fbe9f629,elderly.cool,available,5.98,50.98,high,low,7,namecheap,,,21/09/2026 22:30
3f2ba366-a7da-43de-9d62-efde0d2d2f16,didactic.cool,available,5.98,50.98,high,low,8,namecheap,,,14/08/2026 06:41
f3f6a223-b035-4697-b509-eddf5d499f05,oppressed.cool,available,5.98,50.98,medium,low,9,namecheap,,,04/09/2026 16:50
07304250-4787-4f9d-810e-51c831d0cd18,fitted.cool,available,5.98,50.98,high,low,6,namecheap,,,18/08/2026 05:47
0443b8ba-88e9-4cce-a64a-5bd883fd8507,eyrie.cool,available,5.98,50.98,high,low,5,namecheap,,,
2da533eb-b8bd-4cf9-b051-64e432512b4f,counter.cool,available,9.49,44.99,high,low,7,namesilo,,,22/09/2026 05:49
7380212e-f0f9-41ae-a52e-b942ca27a9b9,thereafter.cool,available,5.98,50.98,high,low,10,namecheap,,,16/09/2026 08:38
99680def-29a0-46cd-9603-8d7287a0801f,glassless.cool,available,5.98,50.98,medium,low,9,namecheap,,,20/08/2026 14:11
72a52912-02d1-4783-b172-fa7a1db0485c,unsealed.cool,available,5.98,50.98,medium,low,8,namecheap,,,12/09/2026 19:07
d5dee6a8-ce34-4523-a887-e85d95b6e1f2,acapnia.cool,available,5.98,50.98,medium,low,7,namecheap,,,16/09/2026 21:08
25c9e8e0-cfc7-46b7-904f-58fd6ba3b3fa,ava.cool,resell,,,high,medium,3,Dynadot Inc,06/02/2026 17:00,06/02/2027 17:00,
9d74120f-86d8-451c-bc02-9ac909300574,braless.cool,available,5.98,50.98,low,low,7,namecheap,,,08/08/2026 18:29
28fa66d2-e606-4df9-a73a-fdae598060e3,spry.cool,available,5.98,50.98,high,low,4,namecheap,,,
eb756cd9-7a06-43ff-8ce5-9fd76f3f61ef,theme.cool,available,9.49,44.99,high,low,5,namesilo,,,25/09/2026 14:44
e1375fc3-3365-42a9-8c17-ac2e414df3cc,shopworn.cool,available,5.98,50.98,medium,low,8,namecheap,,,08/08/2026 11:06
e5ec2b6a-44bb-4ca6-a786-f7ab06220ee3,riddled.cool,available,5.98,50.98,medium,low,7,namecheap,,,09/09/2026 17:19
e183a495-2c9f-4bae-bfcc-4680fd267fcc,resole.cool,available,5.98,50.98,medium,low,6,namecheap,,,10/09/2026 13:33
75879b36-9161-4f60-abfd-3ee562998a74,atriplex.cool,available,9.49,44.99,medium,low,8,namesilo,,,21/09/2026 00:45
e8b2384e-4e38-4909-ad72-44b7e8a49ce7,mentions.cool,available,9.49,44.99,medium,low,8,namesilo,,,17/09/2026 17:25
ee8c5c61-d011-48df-a5bb-396bcfb26a4d,imminent.cool,available,5.98,50.98,high,low,8,namecheap,,,21/08/2026 20:55
74d16580-4d81-41b7-99af-09bb52eb213b,arbalist.cool,available,9.49,44.99,medium,low,8,namesilo,,,20/09/2026 00:35
7cd5ef04-1ff6-4836-bc10-0637bc4bdd03,nay.cool,available,5.98,50.98,medium,low,3,namecheap,,,15/09/2026 16:14
557aeb2e-e3ff-4d30-be69-0bbf3a8aef3d,guiltless.cool,available,5.98,50.98,high,low,9,namecheap,,,12/08/2026 10:18
b060a677-9069-4718-9c1d-c1d2253508d5,albizzia.cool,available,5.98,50.98,medium,low,8,namecheap,,,18/09/2026 03:00
c255cd70-a980-492c-ad06-f2689d4ed151,beloved.cool,available,5.98,50.98,high,low,7,namecheap,,,09/08/2026 13:47
d8573289-33c9-4a4c-abf8-4895ffddb048,named.cool,available,9.99,,high,low,5,name.com,,,
39d9a6ba-4a85-442f-a24f-b5359cd02a6e,reminded.cool,available,9.49,44.99,medium,low,8,namesilo,,,18/09/2026 03:00
ee81c333-8159-4626-8f86-8412b4264e0b,spoken.cool,available,9.99,,high,low,6,name.com,,,
980f6566-aa81-4f1a-a2ef-1cbf4525935c,tribal.cool,available,5.98,50.98,high,low,6,namecheap,,,11/09/2026 19:22
14a88f25-bf99-4b19-9df3-92ded4497f66,alcaeus.cool,available,9.49,44.99,medium,low,7,namesilo,,,18/09/2026 03:40
681e0531-e857-4c89-847c-18eeaa40f337,alberti.cool,available,9.49,44.99,high,low,7,namesilo,,,18/09/2026 02:45
3a3fccef-f9df-4613-adf0-b01a0cb21b8d,miotic.cool,available,5.98,50.98,medium,low,6,namecheap,,,25/08/2026 01:00
1f5f62ec-9c92-424e-bb09-2caaa578e42c,license.cool,available,9.49,44.99,high,low,7,namesilo,,,25/09/2026 08:58
a45170d0-81ae-432b-a0da-df53c736f9d9,costly.cool,available,9.49,44.99,high,low,6,namesilo,,,24/09/2026 00:19
2b405fc3-42cf-4fa8-a4c9-40c6b4c71dea,apraxia.cool,available,9.49,44.99,medium,low,7,namesilo,,,19/09/2026 22:29
23517e2f-b9bb-4f88-8d13-d37a67124256,advisory.cool,available,5.98,50.98,high,low,8,namecheap,,,
b9eedb9e-d9b1-491b-8d1b-0e93db036709,armour.cool,available,5.98,50.98,high,low,6,namecheap,,,20/09/2026 07:22
7ea3d948-cf2e-4ab1-a6a8-06a8240b9ecc,angled.cool,available,5.98,50.98,high,low,6,namecheap,,,
156e26c8-dc91-423b-8bae-3428f76312af,generally.cool,available,9.99,,high,low,9,name.com,,,
9052d433-f34a-4223-8658-94521d9b33b8,traveling.cool,available,9.99,,high,low,9,name.com,,,
67239190-2361-4195-9362-5f4d9500ad72,shaggy.cool,available,5.98,50.98,high,low,6,namecheap,,,11/08/2026 11:17
7a18c9b6-5631-4612-8822-36a21df5f14e,hdl.cool,available,9.49,44.99,high,low,3,namesilo,,,18/09/2026 13:33
7f3e2f59-3040-4c42-b82f-245d4d3ae94d,dissent.cool,available,9.99,,high,low,7,name.com,,,
6e0cb9ed-dba2-4d31-b080-dc29831df045,ablative.cool,available,5.98,50.98,medium,low,8,namecheap,,,
bf24b253-4652-421f-87fb-d21ff04e642c,congratulations.cool,available,9.99,,high,low,15,name.com,,,
50515d5c-c09a-4d1a-907d-bdf030c209bf,jensen.cool,available,9.49,44.99,high,low,6,namesilo,,,25/09/2026 07:58
7ba328f1-8c27-4e22-be3b-1739c2d781bd,homophonic.cool,available,5.98,50.98,medium,low,10,namecheap,,,21/08/2026 13:06
9221d214-1b3a-444d-8ac5-20d19a51ed12,hope.cool,resell,,,high,medium,4,,,,24/09/2026 06:22
fa0864f7-e902-43dd-90f6-39c369155521,mightily.cool,available,5.98,50.98,medium,low,8,namecheap,,,24/08/2026 22:45
060069e6-c579-4330-9aa0-6a48782ebdfb,perfect.cool,resell,,,high,low,7,Squarespace Domains II LLC,24/03/2019 17:01,24/03/2027 17:01,25/09/2026 12:49
8fdd6a24-45ba-4815-b15a-395f462b9205,talus.cool,available,9.49,44.99,high,low,5,namesilo,,,19/09/2026 09:46
06a84f1a-ceca-4ab5-b0c8-c9366dc746bf,aesop.cool,available,9.49,44.99,medium,low,5,namesilo,,,17/09/2026 13:24
807914e4-395a-4d41-b2d7-8fd8b8b477df,occurring.cool,available,9.99,,high,low,9,name.com,,,
890cc906-b2b3-4f5c-85a0-56ada8d7516a,neuronal.cool,available,5.98,50.98,medium,low,8,namecheap,,,03/09/2026 16:20
59a6c2ce-be31-4c8f-852a-ca076a52bccb,follower.cool,available,9.99,,high,low,8,name.com,,,
99edee5d-b490-482c-8f90-e6842f3855f7,unceasing.cool,available,5.98,50.98,high,low,9,namecheap,,,
4a8f8867-99b4-422c-a950-6b62338dfa5c,faceted.cool,available,5.98,50.98,high,low,7,namecheap,,,17/08/2026 20:24
e774976d-733c-4d31-88c2-45e359993a68,assignable.cool,available,5.98,50.98,medium,low,10,namecheap,,,07/08/2026 06:19
c59a1398-8a0b-4c3e-beb8-b95a6422d4e1,sweatshop.cool,available,9.99,,medium,low,10,name.com,,,
5a7c201d-ff20-4c2a-b1a6-aa80a0c85dc4,tiddler.cool,available,5.98,50.98,medium,low,7,namecheap,,,25/08/2026 00:10
40bceed6-689c-4593-bd6b-5e6eb4eda9fb,nullity.cool,available,5.98,50.98,medium,low,7,namecheap,,,13/09/2026 06:33
18435dbd-9183-433e-8cee-264131c2f32b,hunt.cool,resell,,,high,medium,4,,,,25/09/2026 23:08
2b3a6b4a-d35c-4746-9d9f-c1d52cce3a5c,avionic.cool,available,5.98,50.98,medium,low,7,namecheap,,,07/08/2026 23:35
8763aead-1059-43ce-b7d9-b914169ad26c,bartholdi.cool,available,5.98,50.98,medium,low,9,namecheap,,,22/09/2026 09:11
56df3f59-c352-40e9-9adc-be8b926fea41,lamely.cool,available,5.98,50.98,low,low,6,namecheap,,,15/09/2026 10:37
97624a0d-27d0-4408-9b87-ddb83c1ddb6c,advil.cool,available,9.99,65.99,medium,low,5,name.com,,,17/09/2026 11:20
a27de76d-db6f-4ce1-972e-f0530ffc9597,facetious.cool,available,5.98,50.98,high,low,9,namecheap,,,08/08/2026 14:39
0bba11a3-e995-43d8-a6a9-5afd8c8bf758,hertzian.cool,available,5.98,50.98,medium,low,8,namecheap,,,21/08/2026 07:14
9816b38b-0ffd-48f5-95ea-017e1e649275,archivist.cool,available,9.49,44.99,high,low,9,namesilo,,,20/09/2026 02:21
61a53b47-b3b0-49b5-b29d-bf58c2ac2249,brotherly.cool,available,5.98,50.98,high,low,9,namecheap,,,11/08/2026 06:18
93473afa-c9da-404a-b80e-087ff8d490e2,leal.cool,available,5.98,50.98,medium,low,4,namecheap,,,22/08/2026 22:03
6a3737ec-f65d-4bee-a138-cd21eb6df5b6,aragonite.cool,available,9.49,44.99,medium,low,9,namesilo,,,19/09/2026 23:43
ee4d31ad-aa7b-4ca1-a1af-4ea5351a5ce7,cloistered.cool,available,5.98,50.98,medium,low,10,namecheap,,,12/08/2026 11:48
a10695af-db12-4404-a11c-3469d13c57f9,arnica.cool,available,9.49,44.99,high,low,6,namesilo,,,20/09/2026 08:11
7dc1c16c-a1b4-4418-a037-d81fd4784fe7,fragile.cool,available,5.98,50.98,high,low,7,namecheap,,,18/08/2026 13:57
53fccea8-22e4-4f8d-8e8a-db594afea7c6,guinness.cool,available,9.49,44.99,high,low,8,namesilo,,,18/09/2026 04:41
216b6643-fd67-43fd-989e-ede4ad7ebf2e,saccharine.cool,available,5.98,50.98,medium,low,10,namecheap,,,12/08/2026 12:48
db4abe1d-ab24-4f08-a8d1-9e96f8505d29,appalachia.cool,available,9.49,44.99,medium,low,10,namesilo,,,19/09/2026 19:44
1a11843b-922a-49bd-a925-13f5e18ad46e,make.cool,resell,,,high,medium,4,"Chengdu West Dimension Digital Technology Co., Ltd.",07/11/2017 10:02,07/11/2026 10:02,
d6940dff-538f-4f91-b483-5c97bd5ee143,albumen.cool,available,9.49,44.99,high,low,7,namesilo,,,18/09/2026 03:31
06977f29-6902-49b1-9c4e-94ae94dee84f,arkansan.cool,available,9.49,44.99,medium,low,8,namesilo,,,20/09/2026 06:11
44af1387-18f2-4349-a8df-187e5e29d047,behring.cool,available,9.49,44.99,high,low,7,namesilo,,,23/09/2026 04:03
5d7e40af-3eaa-42a8-ade4-072b1236f233,led.cool,resell,,,high,low,3,Dynadot Inc,10/05/2026 17:00,10/05/2027 17:00,25/09/2026 11:34
5720f2cf-900f-4023-bd62-eec8727faa0d,downing.cool,available,9.49,44.99,high,low,7,namesilo,,,19/09/2026 04:46
996b2a89-bc9b-47c2-9e68-fb86453aa66d,dealing.cool,available,9.49,44.99,high,low,7,namesilo,,,25/09/2026 04:50
dba96511-5b28-4d30-9de3-73da60a67572,procedures.cool,available,9.49,44.99,medium,low,10,namesilo,,,18/09/2026 17:33
6b87707f-3733-4a97-9f00-5adcd9e3a204,iberian.cool,available,5.98,50.98,high,low,7,namecheap,,,21/08/2026 17:32
efdc0d8b-58fa-4b08-95ab-5590cc80427c,coldly.cool,available,9.99,,medium,low,6,name.com,,,
1e08e621-25e5-403d-a9c7-cd0ce33de699,hurtful.cool,available,5.98,50.98,medium,low,7,namecheap,,,14/08/2026 00:28
08334b95-af61-4464-a535-4973f9a87a59,overriding.cool,available,5.98,50.98,high,low,10,namecheap,,,04/09/2026 21:39
48116a3e-1488-4667-97d4-22ec665a68b1,racer.cool,available,9.49,44.99,high,low,5,namesilo,,,21/09/2026 07:11
4512f1c7-70b4-46ad-a42f-99f81344779b,hindustani.cool,available,5.98,50.98,high,low,10,namecheap,,,21/08/2026 09:35
d29cecf4-32e1-4734-aa95-7f4efbbb467b,postbox.cool,available,9.99,,high,low,8,name.com,,,
01435004-f7dc-45c0-bde5-27701d183cb8,duplicate.cool,available,5.98,50.98,high,low,9,namecheap,,,24/09/2026 11:48
73a8556e-6b7f-4460-b5c2-92a0a4c8a64c,psyche.cool,available,9.99,,high,low,6,name.com,,,
73d73522-844f-4d17-9e55-7e08ec59f4e6,peeled.cool,available,5.98,50.98,medium,low,6,namecheap,,,08/08/2026 18:24
da7253fa-968d-4721-8b94-fe37d7b5230d,occur.cool,available,9.99,,high,low,5,name.com,,,
c5cdec6c-5c5d-42a3-b4b7-ad7f3fcf8ce2,cytologic.cool,available,9.99,65.99,medium,low,9,name.com,,,13/08/2026 14:39
1f16eb01-66ad-499f-8cdb-bcb9d8580352,rejected.cool,available,9.49,44.99,medium,low,8,namesilo,,,25/09/2026 11:50
751e8466-90b6-43c9-ad6f-33d2e83768be,charivari.cool,available,9.49,44.99,medium,low,9,namesilo,,,23/09/2026 06:08
3a62790b-74d8-47c8-adfa-1b06e707d062,brainy.cool,available,5.98,50.98,high,low,6,namecheap,,,11/08/2026 01:53
20e72ccb-bfc2-4f87-a3be-3b723d1abb33,current.cool,available,5.98,50.98,high,low,7,namecheap,,,13/08/2026 11:26
84e49eb8-7bd7-446c-a912-3679eaa14c42,chewing.cool,available,9.49,44.99,high,low,7,namesilo,,,24/09/2026 14:24
ad79641d-a041-4995-af52-481b2f414283,transcend.cool,available,5.98,50.98,high,low,9,namecheap,,,11/09/2026 17:23
1e111fa8-32b8-4dbb-b6a2-6d894c8060ee,essex.cool,available,9.49,44.99,high,low,5,namesilo,,,25/09/2026 05:41
9072df34-69ae-43e0-be8f-ee5b3b56d5ee,rudiment.cool,available,5.98,50.98,medium,low,8,namecheap,,,16/09/2026 14:36
7884b253-bae2-49b6-b2c6-233abc7a9870,uninvited.cool,available,5.98,50.98,high,low,9,namecheap,,,12/09/2026 13:33
4ccf8b2e-726c-44b8-b265-db88fe0c9bb3,considering.cool,available,9.49,44.99,high,low,11,namesilo,,,26/09/2026 03:06
71dbab3f-b602-4e01-8535-281ccf56c44e,motherless.cool,available,5.98,50.98,medium,low,10,namecheap,,,25/08/2026 07:02
f161ae71-2ee3-458b-811d-01e78dc2d75d,iterative.cool,available,5.98,50.98,high,low,9,namecheap,,,22/08/2026 11:39
df8dd6f9-307f-42df-bee1-e359a4f8263e,untoasted.cool,available,5.98,50.98,medium,low,9,namecheap,,,12/09/2026 21:35
055ef64f-56de-4dc1-a5b0-24e411b4dff3,sharpness.cool,available,9.49,44.99,high,low,9,namesilo,,,24/09/2026 23:08
4ce943e0-f270-40b5-b66a-6ff4bc0f3ba7,manages.cool,available,9.49,44.99,medium,low,7,namesilo,,,25/09/2026 05:29
d495b467-4b89-48ba-8a52-bfd9000b92a3,arco.cool,available,,,high,low,4,,,,
3da4be9e-cec4-402d-ae1c-bdfc68462753,sixth.cool,available,5.98,50.98,high,low,5,namecheap,,,
5148f0ad-c360-44be-a49d-e95c487b6edd,awed.cool,available,5.98,50.98,high,low,4,namecheap,,,08/08/2026 00:44
9d83149e-0dd3-4f4a-bdfb-2a2dc9724b45,abuse.cool,available,5.98,50.98,high,low,5,namecheap,,,08/09/2026 12:39
bb9def00-8157-4f4c-8dac-2086e322c0f9,carboxyl.cool,available,5.98,50.98,medium,low,8,namecheap,,,11/08/2026 18:44
9bd8b8ba-20ff-4785-ab6d-a6a110c709de,godzilla.cool,available,,,high,medium,8,,,,
e849dcd9-2bc2-4efd-863d-fcde17934745,uncapped.cool,available,5.98,50.98,medium,low,8,namecheap,,,12/09/2026 04:44
691b7001-6ba6-404f-a051-7faec079b847,ramose.cool,available,5.98,50.98,medium,low,6,namecheap,,,11/08/2026 02:14
8b6b3cec-5e8e-46f1-86e4-4544db65ed48,sonsy.cool,available,5.98,50.98,medium,low,5,namecheap,,,10/08/2026 20:35
fc9212c1-a070-4ed6-afe0-0ce48c50e0dd,mussolini.cool,available,9.49,44.99,medium,low,9,namesilo,,,23/09/2026 08:12
7aa32c9a-1039-4157-aece-c9f455f44206,cambodian.cool,available,5.98,50.98,high,low,9,namecheap,,,11/08/2026 15:40
2d057dd4-8c3f-45ef-ad4b-80b69f31c878,monogenic.cool,available,5.98,50.98,medium,low,9,namecheap,,,25/08/2026 05:13
511677b7-70d3-4986-8b69-9a60889f5e42,farcical.cool,available,5.98,50.98,high,low,8,namecheap,,,17/08/2026 22:30
ee464ddf-6504-4067-8e43-4807a1f7c879,colorfast.cool,available,5.98,50.98,medium,low,9,namecheap,,,12/08/2026 17:50
2eae3ee8-7787-4558-a48b-92cb6951f2da,berlin.cool,premium,500,,high,low,6,name.com,,,
ae6d9e19-7954-4584-b237-cc5fb6e95788,decolour.cool,available,9.49,44.99,medium,low,8,namesilo,,,24/09/2026 05:11
77daa238-4c43-412e-be52-85d9b09d70f0,thread.cool,available,9.99,,high,low,6,name.com,,,
13c60c54-bf15-4f60-ada2-ad297943123b,announced.cool,available,9.49,44.99,high,low,9,namesilo,,,22/09/2026 05:10
7095fc73-c80c-4c0f-a2ef-4181d6abaf03,knowingly.cool,available,5.98,50.98,high,low,9,namecheap,,,15/09/2026 10:35
aefff786-7a6c-4d32-a9d7-3e2ea73cf73c,lustrous.cool,available,5.98,50.98,high,low,8,namecheap,,,11/08/2026 11:00
93b8aae1-70ae-4d44-a28f-97d4dd8d27a2,beam.cool,available,9.99,,high,medium,4,name.com,,,
e0724cd6-df21-4241-8621-a699d5b1a32f,gulf.cool,available,9.99,,high,low,4,name.com,,,
91f612cc-0ad8-4a7a-ac1f-0c58afe02cc3,alummah.cool,available,9.49,44.99,medium,low,8,namesilo,,,18/09/2026 01:08
29f865c0-0f30-41d8-8b04-f10e5a1f427b,malayan.cool,available,5.98,50.98,high,low,7,namecheap,,,24/08/2026 13:44
648a9330-4a93-4b37-929d-3de8d10a18e3,commercially.cool,available,9.99,,medium,low,12,name.com,,,
80511689-cf1b-4c94-99cc-77897369a323,asdic.cool,available,9.49,44.99,medium,low,5,namesilo,,,20/09/2026 13:30
c8af2c2c-8d74-47cc-8b25-997619ed7517,tameable.cool,available,5.98,50.98,medium,low,8,namecheap,,,11/09/2026 07:38
768fc500-045e-4caa-a8ef-625914723cbd,steadily.cool,available,5.98,50.98,medium,low,8,namecheap,,,10/09/2026 19:32
2ada37b3-d9d2-4e79-96ab-9c657058a187,kali.cool,available,5.98,50.98,high,low,4,namecheap,,,22/09/2026 05:54
efef2893-ff4e-4e31-880e-80b5b20e1074,manioc.cool,available,9.49,44.99,medium,low,6,namesilo,,,23/09/2026 22:51
9eb45a50-f6bd-44f8-bc73-377a22e34914,confusion.cool,available,9.99,,high,low,9,name.com,,,
455f6dc3-f91f-4a6a-9072-5fd21279d9a8,louse.cool,available,5.98,50.98,medium,low,5,namecheap,,,23/09/2026 20:00
05846472-550f-44f4-82c1-053bb36c83ea,pertly.cool,available,5.98,50.98,medium,low,6,namecheap,,,15/09/2026 02:17
d2fe6f48-915a-4841-8917-ec7cf4501218,acerose.cool,available,5.98,50.98,medium,low,7,namecheap,,,
71085d39-1f37-4f49-9279-7de6b6fb8c81,childish.cool,available,5.98,50.98,high,low,8,namecheap,,,12/08/2026 05:02
e9a52fd2-57cb-4c0d-8379-ef58f4698b8c,adaptation.cool,available,9.49,44.99,high,low,10,namesilo,,,17/09/2026 06:27
541c90a1-7148-402e-bf1d-03de8226ca23,preserve.cool,available,9.49,44.99,high,low,8,namesilo,,,24/09/2026 17:28
1ce4ab58-ead7-4053-800c-89a9756fa5a4,prodromal.cool,available,5.98,50.98,medium,low,9,namecheap,,,09/09/2026 02:44
afe80975-866e-458b-bed1-daba95810463,miniscule.cool,available,5.98,50.98,medium,low,9,namecheap,,,24/08/2026 23:55
ff365dff-cbb1-4417-b0d6-e95ce3e6133d,microphone.cool,available,5.98,50.98,high,low,10,namecheap,,,25/09/2026 05:37
369064f2-2f9b-4673-bd58-840dc4802c41,stressed.cool,available,5.98,50.98,medium,low,8,namecheap,,,10/09/2026 22:30
5b7eee7b-3209-4805-ab87-f05f91649153,throat.cool,available,9.49,44.99,high,low,6,namesilo,,,26/09/2026 00:01
51d2e955-db3c-4644-b792-bfc012238c0e,consuming.cool,available,5.98,50.98,high,low,9,namecheap,,,23/09/2026 21:22
bc5d5ff3-25b5-49c3-86b5-d6ae58f9d31b,goof.cool,available,9.49,44.99,high,low,4,namesilo,,,24/09/2026 06:18
9d1d4587-bc5a-4ddf-bfb6-2b9f6871501d,refused.cool,available,9.49,44.99,medium,low,7,namesilo,,,18/09/2026 13:40
36763768-65b9-43a8-b286-c90cd51b5531,dignifying.cool,available,5.98,50.98,medium,low,10,namecheap,,,14/08/2026 07:23
3718f1e6-2b4e-4d6d-a4bb-cbcaf6391b3f,burbly.cool,available,5.98,50.98,medium,low,6,namecheap,,,11/08/2026 10:14
22ff4185-b3c2-4ca6-aa6b-d8d92a1369f0,unflavored.cool,available,5.98,50.98,medium,low,10,namecheap,,,03/09/2026 19:15
3c69a2c6-170b-4f2d-8f59-681a29c8448f,amniote.cool,available,9.49,44.99,medium,low,7,namesilo,,,18/09/2026 22:28
2496e724-2ba4-4c6d-b533-672b1249fe61,either.cool,available,9.99,,medium,low,6,name.com,,,
b666d5f4-fba6-491b-8936-63d374529362,mussy.cool,available,5.98,50.98,medium,low,5,namecheap,,,24/08/2026 21:24
6ccec70f-acf7-4961-adbf-46c86118eda3,maturation.cool,available,5.98,50.98,high,low,10,namecheap,,,20/08/2026 20:27
fdee596a-ea6c-4176-94c2-ef09e14971c0,drums.cool,available,9.49,44.99,medium,low,5,namesilo,,,18/09/2026 11:40
2f1224ba-dd9d-4a9b-bf9a-855b30a288b5,chop.cool,available,9.99,,medium,low,4,name.com,,,
f0842399-e453-42b0-a0ea-d6c44e26e53b,traveled.cool,available,9.99,,high,low,8,name.com,,,
53e9f68e-fc7e-41e0-adc9-1e4ff77435c7,affront.cool,available,5.98,50.98,medium,low,7,namecheap,,,17/09/2026 14:54
55ad5a66-25d5-4dd2-9b17-4a4c9dbd15f2,mile.cool,available,9.99,,high,low,4,name.com,,,
9e5813b5-c85f-4cda-b6c8-4bf9f128c558,welds.cool,available,9.49,44.99,medium,low,5,namesilo,,,20/09/2026 14:08
4c3f981d-4b0a-434f-a740-f142d1580312,detached.cool,available,5.98,50.98,high,low,8,namecheap,,,24/09/2026 07:07
b207727a-17d2-4b72-8c1d-c36901fd447a,paralytic.cool,available,5.98,50.98,medium,low,9,namecheap,,,08/09/2026 00:57
14b38bcf-3154-4da8-8cae-d02d528e28d8,household.cool,available,9.99,,high,low,9,name.com,,,
803330e3-fe48-443c-b0a9-c861ab347cd8,share.cool,resell,,,high,medium,5,"DNSPod, Inc.",24/07/2018 10:09,24/07/2027 10:09,19/09/2026 21:34
7dbd0419-1ba8-44ab-9575-5cb9e65788de,funicular.cool,available,5.98,50.98,medium,low,9,namecheap,,,18/08/2026 18:41
02aeb8f4-6002-4403-a9d9-758223fae167,liberties.cool,available,9.49,44.99,medium,low,9,namesilo,,,18/09/2026 04:52
ce8c6ecd-0b44-4c4c-a820-f99eb6f740ec,wan.cool,resell,,,high,low,3,UM DOMAINS PTE. LTD,22/01/2026 15:15,22/01/2027 15:15,04/09/2026 23:53
592ec48d-140c-4342-834f-7646b26917d4,nodular.cool,available,5.98,50.98,medium,low,7,namecheap,,,03/09/2026 18:06
83fa5ae4-8df0-4274-a681-1483be03c032,whiff.cool,available,5.98,50.98,high,low,5,namecheap,,,09/09/2026 05:39
33cca24d-cdd1-4b9b-a34d-de2dc250e765,fractious.cool,available,5.98,50.98,medium,low,9,namecheap,,,18/08/2026 13:53
77e29328-7c5e-43c7-b2c2-d44c908c6a9c,anaphora.cool,available,9.49,44.99,medium,low,8,namesilo,,,19/09/2026 02:13
2ff6f401-24c8-4735-8c2e-46b1cd5bd67c,judgement.cool,available,9.99,,high,low,9,name.com,,,
1c609ec8-0dbb-4724-b4b1-6d0bf4831c78,blustery.cool,available,5.98,50.98,medium,low,8,namecheap,,,10/08/2026 16:31
749cd655-bf4c-4713-b6ac-d8febc4d645e,ambivalent.cool,available,5.98,50.98,medium,low,10,namecheap,,,
4f3559d0-0273-4966-8636-a5385a314f5d,opposite.cool,available,9.49,44.99,high,low,8,namesilo,,,23/09/2026 22:35
120c614a-3591-4c31-805f-481c487f7cab,visitors.cool,available,9.49,44.99,high,low,8,namesilo,,,18/09/2026 16:57
d280d965-6099-49a5-87d7-7333079f36d7,hothead.cool,available,9.99,65.99,medium,low,7,name.com,,,13/08/2026 17:45
88b9eaec-7bc2-4390-a54e-03b9c32c3849,adaptable.cool,available,5.98,50.98,high,low,9,namecheap,,,21/09/2026 16:52
7e2312b2-9e6d-4dc2-93e6-f7d6f0c79525,charts.cool,available,9.49,44.99,high,low,6,namesilo,,,18/09/2026 23:12
fdb27b20-8418-4dc4-ae7a-d271a2a4e881,rightish.cool,available,5.98,50.98,medium,low,8,namecheap,,,09/09/2026 17:35
7d9e4a86-31cc-46e5-b83a-21d96a20a0e1,salted.cool,available,5.98,50.98,high,low,6,namecheap,,,11/08/2026 04:21
5e26f8cb-158a-48f4-a8eb-1fdca81e3c3d,fourth.cool,available,5.98,50.98,high,low,6,namecheap,,,
26030808-1bf2-4ecf-92f9-6c8f7b55097f,northwards.cool,available,5.98,50.98,medium,low,10,namecheap,,,03/09/2026 21:25
7ad0fd96-da5f-4545-b0e2-9ea3e8e82f95,supplement.cool,available,5.98,50.98,high,low,10,namecheap,,,17/09/2026 06:43
e0612289-7a6c-4fd1-893d-bcaf99ecb200,arrowsmith.cool,available,9.49,44.99,medium,low,10,namesilo,,,20/09/2026 09:31
e07db708-5dbd-4c13-ad46-f6704b36b017,naturistic.cool,available,5.98,50.98,medium,low,10,namecheap,,,03/09/2026 13:59
ac80c8e5-3f7d-45fa-922a-a136efe72f37,peaking.cool,available,9.99,,high,low,7,name.com,,,
c65a920f-d212-462b-8efc-00aab8a27c03,inaugural.cool,available,5.98,50.98,high,low,9,namecheap,,,22/08/2026 00:37
f210e357-5c59-4e24-9ce5-f6f38628087c,archimedes.cool,available,9.49,44.99,medium,low,10,namesilo,,,20/09/2026 02:08
71ea32d2-4a8b-41cf-a108-e3811c17ad7d,mold.cool,available,9.49,44.99,high,low,4,namesilo,,,24/09/2026 15:22
18a645a6-2cb4-4c44-a033-dee504534f7c,glossy.cool,available,5.98,50.98,high,low,6,namecheap,,,11/08/2026 14:10
b254584e-5fd7-4f4a-b205-7c309e5854c1,shrewd.cool,available,9.49,44.99,high,low,6,namesilo,,,22/09/2026 10:37
c7b12ebf-8904-4ba7-899a-25ab1f7c09b5,umbilicus.cool,available,9.49,44.99,high,low,9,namesilo,,,23/09/2026 06:37
f537d5e0-503c-47c3-b154-e493a14676c4,lease.cool,premium,242,242,high,low,5,namesilo,,,09/09/2026 14:19
add037bc-3c85-44c1-911c-d87a6f25e893,tolerant.cool,available,5.98,50.98,high,low,8,namecheap,,,22/08/2026 19:55
641c645b-5901-427e-aa8c-f092b48dd58e,unheaded.cool,available,5.98,50.98,medium,low,8,namecheap,,,12/09/2026 12:06
49bd5e4f-67de-4632-81bc-f650df03ca54,proactive.cool,available,9.99,,high,low,9,name.com,,,
ed2aa6e6-2c3f-4d40-9f17-4240a9c47d4d,grandparent.cool,available,9.49,44.99,high,low,11,namesilo,,,19/09/2026 04:27
35f7065a-517c-405d-b117-b7ee301a38c8,apparently.cool,available,5.98,50.98,high,low,10,namecheap,,,08/09/2026 20:26
5c115f07-8934-4bd6-bf67-8ca2e3f5a2a8,farthest.cool,available,9.49,44.99,medium,low,8,namesilo,,,24/09/2026 17:05
bfad1802-9da8-42e3-a525-1b50b50fc050,uptown.cool,available,5.98,50.98,high,low,6,namecheap,,,12/09/2026 23:28
5eb66769-76a4-41da-b856-ce2ac7a21447,voluptuary.cool,available,5.98,50.98,medium,low,10,namecheap,,,24/08/2026 12:27
a7d5087b-747d-44fa-8a6d-85fc3710d2de,agronomic.cool,available,5.98,50.98,medium,low,9,namecheap,,,
d1ff4e63-0aa6-4bf9-9e64-c71d8de6fcaa,zombies.cool,available,9.49,44.99,medium,low,7,namesilo,,,18/09/2026 03:58
ee48ecdf-23fe-471d-a2f7-cb2b92e3600a,tahitian.cool,available,5.98,50.98,high,low,8,namecheap,,,11/09/2026 07:06
67a7184b-0b88-491c-9f9c-18605386d5e4,appetency.cool,available,9.49,44.99,medium,low,9,namesilo,,,19/09/2026 20:43
5d0f77f6-2d24-49a5-8592-fa47a3a00388,alger.cool,available,9.49,44.99,high,low,5,namesilo,,,18/09/2026 06:56
08f66694-e6a5-4fc0-904c-ec6c897da8ab,seemly.cool,available,5.98,50.98,medium,low,6,namecheap,,,09/08/2026 06:27
1625cbfb-e16b-4282-b111-e8192b3ae895,dismal.cool,available,5.98,50.98,medium,low,6,namecheap,,,14/08/2026 11:38
431c9116-28e0-4cc7-8bc5-50136fb056f6,desirable.cool,available,5.98,50.98,high,low,9,namecheap,,,14/08/2026 03:47
5089a49a-dd50-45d3-b13e-fef5662a4e37,prayers.cool,available,9.49,44.99,high,low,7,namesilo,,,18/09/2026 03:21
7281e918-31a5-4940-b644-aaff4345b8d9,mavin.cool,available,5.98,50.98,high,low,5,namecheap,,,
790fd06a-75b4-48bb-b169-db25376bcd5d,smartly.cool,available,9.99,,high,low,7,name.com,,,
c7a3d9c8-457c-4280-acb0-43e875df8bf0,jenkins.cool,available,9.49,44.99,high,low,7,namesilo,,,25/09/2026 12:14
dc01be2b-e91f-44e1-9459-1b8c11fd7d0a,populations.cool,available,5.98,50.98,medium,low,11,namecheap,,,18/09/2026 17:58
314b41c1-0c4f-4d47-8d44-ed9ca966d808,tickle.cool,available,5.98,50.98,high,low,6,namecheap,,,11/09/2026 15:31
3ad64f2b-f821-4572-9742-7996e1e5baa6,endwise.cool,available,5.98,50.98,medium,low,7,namecheap,,,14/09/2026 15:37
9b487d9b-6d51-460a-ad77-5c1ddb7b512e,worded.cool,available,9.49,44.99,medium,low,6,namesilo,,,20/09/2026 15:04
1cc108c9-2a2e-42f8-94a7-10b08d23d724,carrie.cool,available,9.99,,high,low,6,name.com,,,
d3b4707a-3803-47fd-99e2-1b0254fb4a51,truculent.cool,available,5.98,50.98,medium,low,9,namecheap,,,11/09/2026 20:29
14ca2895-d52a-4490-9d2d-f83738949a09,inrush.cool,available,5.98,50.98,high,low,6,namecheap,,,22/08/2026 06:17
76693fa4-f8d8-4b1a-bd04-14dda0686b82,apposite.cool,available,5.98,50.98,medium,low,8,namecheap,,,06/08/2026 07:53
0b79d031-5377-4259-aec2-c332dfbf5342,exotic.cool,available,5.98,50.98,high,low,6,namecheap,,,17/08/2026 17:49
65729ffe-d69e-4034-8fc2-1a0428de923b,temporarily.cool,available,9.99,,medium,low,11,name.com,,,
e1f2becf-79c4-4e52-89f8-ce278cc4f7c2,agone.cool,available,5.98,50.98,medium,low,5,namecheap,,,
d7761958-0aab-4664-98a9-3ada5c40ff03,improver.cool,available,5.98,50.98,high,low,8,namecheap,,,21/08/2026 14:58
324e1347-21d5-412c-be67-69023c2b461d,cupboards.cool,available,9.49,44.99,medium,low,9,namesilo,,,20/09/2026 06:12
a89a6428-d01c-4781-a6d5-6df8459fd6da,ohmygosh.cool,available,9.99,,high,low,8,name.com,,,
a5e72d16-8f84-421b-b42e-13ae62e848ca,like.cool,resell,,,high,medium,4,Squarespace Domains II LLC,14/11/2018 16:16,14/11/2027 16:16,21/09/2026 23:58
78349d50-9f84-48e6-aa23-6d2bdc2b5658,hobble.cool,available,5.98,50.98,medium,low,6,namecheap,,,23/08/2026 13:26
e954c45b-1512-4878-a3c4-3a87992220a9,radiate.cool,available,5.98,50.98,high,low,7,namecheap,,,09/09/2026 09:40
7130c44d-932b-4b10-bafa-50522264fe3b,revolved.cool,available,9.99,,medium,low,8,name.com,,,
85f6e924-eb9e-4100-8014-59c50374e79e,taoist.cool,available,5.98,50.98,high,low,6,namecheap,,,11/09/2026 08:11
6d1a385c-cbf0-4c5c-87ea-53f7e76e7bea,astringent.cool,available,5.98,50.98,medium,low,10,namecheap,,,
3f250b51-5e4d-49e9-96e4-1fbc9b1ae6f9,arcanum.cool,available,9.49,44.99,high,low,7,namesilo,,,20/09/2026 01:37
9df26fef-c51a-495d-89c4-b580cbbff919,grecian.cool,available,5.98,50.98,high,low,7,namecheap,,,20/08/2026 19:44
1b2e095f-7cde-4eaf-90c4-f4677dd1988e,atropa.cool,available,9.49,44.99,medium,low,6,namesilo,,,21/09/2026 00:54
4c40b7f2-0301-4105-a83a-4a81cd5a5c73,rhenium.cool,available,5.98,50.98,medium,low,7,namecheap,,,20/09/2026 23:48
4050b6c1-91f1-48a7-bf7f-615d006279cd,letup.cool,available,9.99,,medium,low,6,name.com,,,
d4a46729-0a98-42cb-a5b6-2905d5d499cd,underling.cool,available,5.98,50.98,medium,low,9,namecheap,,,11/09/2026 00:39
6c54d135-8847-4cc1-805e-5e95ad32547b,ives.cool,available,9.49,44.99,high,low,4,namesilo,,,25/09/2026 22:11
0be6d760-4b96-4464-86ac-40acc9140ade,essential.cool,resell,,,high,low,9,Dynadot Inc,10/05/2026 17:00,10/05/2027 17:00,22/09/2026 00:42
33c94c83-8766-40ab-81f2-f0db47d0a229,coherent.cool,available,5.98,50.98,high,low,8,namecheap,,,12/08/2026 16:00
ea159626-42bf-460e-a679-faa693dff1c1,victual.cool,available,5.98,50.98,medium,low,7,namecheap,,,12/08/2026 18:51
497910fb-41f2-43b4-9048-481ede5ee00d,slim.cool,available,,,high,low,4,,,,
7add4c12-535a-4bee-86e6-20296bc7f170,grad.cool,available,5.98,50.98,high,low,4,namecheap,,,20/08/2026 17:53
18d8dc24-f4f9-453e-b828-1279203755d3,unequalled.cool,available,5.98,50.98,high,low,10,namecheap,,,12/09/2026 09:11
31934f4c-aaf5-4a05-be5b-125b27329714,bottle.cool,available,9.49,44.99,high,low,6,namesilo,,,24/09/2026 07:30
3d30781b-3962-415a-ba33-92004dc2f457,indulgent.cool,available,5.98,50.98,high,low,9,namecheap,,,22/08/2026 03:33
4c4bebbe-d8bc-4ae5-b5b2-e34ca555f749,climbing.cool,available,9.49,44.99,high,low,8,namesilo,,,24/09/2026 15:41
2d0aeec7-a2bd-4f71-88ea-2c282855c49e,inflamed.cool,available,5.98,50.98,medium,low,8,namecheap,,,22/08/2026 04:27
c570c765-0714-418a-ba8a-86a52ac37ae8,strengthen.cool,available,9.99,,high,low,10,name.com,,,
5b3a5496-816c-408e-9ace-74834308852b,pangolin.cool,available,9.49,44.99,medium,low,8,namesilo,,,19/09/2026 12:39
6f34144b-72a5-4c07-b1d6-7c2246e5a031,triad.cool,available,5.98,50.98,high,low,5,namecheap,,,
a3302592-1f78-4eeb-8ba2-4b13961a0282,defence.cool,available,,,high,low,7,,,,
cb37eae0-e2bd-4482-8730-b8537d9e8aa6,fuss.cool,available,9.49,44.99,high,low,4,namesilo,,,17/09/2026 09:21
cc5c26c3-5c43-49a3-9b1a-e665d85a4ba8,candlenut.cool,available,9.49,44.99,medium,low,9,namesilo,,,18/09/2026 05:37
ea0e591a-afa7-4423-ac94-f81a8878bdc3,fairs.cool,available,9.99,,high,low,5,name.com,,,
cf9bc73a-6763-4113-9e58-f98cdd003020,child.cool,available,5.98,50.98,high,low,5,namecheap,,,25/09/2026 20:33
250eedfa-92d0-4496-8c75-8e05888b38e9,carried.cool,available,5.98,50.98,medium,low,7,namecheap,,,25/09/2026 17:00
2a28b0f8-34f8-40f7-b3db-9ff99413392b,acromion.cool,available,9.49,44.99,medium,low,8,namesilo,,,17/09/2026 03:49
062cf43f-515f-4603-8adf-c060ff76b720,autumn.cool,available,9.99,,high,low,6,name.com,,,
c8116d29-5f3b-4622-b414-0c91e7fab019,dresser.cool,available,5.98,50.98,high,low,7,namecheap,,,17/09/2026 05:17
17b5ae1a-03c4-44a3-a4ce-64ecd0691d05,dimly.cool,available,5.98,50.98,medium,low,5,namecheap,,,14/09/2026 12:45
be5cd9b3-a84c-4570-a16b-2ca3854a9995,unbowed.cool,available,5.98,50.98,medium,low,7,namecheap,,,12/09/2026 02:27
29111377-db1c-4558-a4d3-6ca99deca8e5,backhand.cool,available,5.98,50.98,high,low,8,namecheap,,,08/08/2026 05:43
07c3f0ef-636e-467d-8c76-1d2658da7410,dachshund.cool,available,9.49,44.99,high,low,9,namesilo,,,21/09/2026 17:04
ae535103-ab1e-4cc3-86bb-e8cbfe4b57a6,ideally.cool,available,9.99,,high,low,7,name.com,,,
f6f8cda2-fc2f-47b4-886c-83011d6f726e,snuggled.cool,available,5.98,50.98,medium,low,8,namecheap,,,03/09/2026 15:48
de9d5ce8-f81c-4865-b347-9189db8e6dbd,giant.cool,available,5.98,50.98,high,low,5,namecheap,,,24/09/2026 13:50
204fe162-4b93-4177-8519-999101b6274a,rakes.cool,available,9.49,44.99,medium,low,5,namesilo,,,20/09/2026 22:29
a4896549-9f8c-4387-8e3a-29af6052aa4b,wiccan.cool,available,5.98,50.98,high,low,6,namecheap,,,13/09/2026 11:46
df6567f8-36f6-4962-98a6-01a76f1be6a7,bechamel.cool,available,9.49,44.99,medium,low,8,namesilo,,,22/09/2026 22:33
ba3bdfcf-c15a-48a3-92bd-85bf90ecef87,baklava.cool,available,5.98,50.98,high,low,7,namecheap,,,21/09/2026 20:21
c62a2806-97e3-4426-96d1-c16abceec231,teased.cool,available,5.98,50.98,high,low,6,namecheap,,,11/09/2026 09:55
fc51b229-35b6-449d-80fa-39953eba0126,ribbed.cool,available,5.98,50.98,medium,low,6,namecheap,,,13/08/2026 03:08
5473650b-d15c-4f2b-b650-feb643b9aa87,cornered.cool,available,5.98,50.98,medium,low,8,namecheap,,,07/08/2026 11:02
095d8ead-751e-4f47-8802-154fb0b9455d,bioscience.cool,available,5.98,50.98,high,low,10,namecheap,,,23/09/2026 18:59
3dda5aeb-e984-4e94-b3c3-f1d0252545d9,balsa.cool,available,9.49,44.99,high,low,5,namesilo,,,21/09/2026 23:56
9b62173d-afa5-47ff-91ec-d132598a5c65,roofless.cool,available,5.98,50.98,medium,low,8,namecheap,,,14/08/2026 12:09
0b5387b1-07bb-47ce-b8d9-bb70d5f34843,anglophobe.cool,available,9.49,44.99,medium,low,10,namesilo,,,19/09/2026 06:55
76a1b23e-50fc-4569-95f9-cd3e5512eb1e,bronte.cool,available,9.49,44.99,medium,low,6,namesilo,,,19/09/2026 10:16
407aa5e8-41ee-473d-a2db-7aa56357e197,powdered.cool,available,5.98,50.98,high,low,8,namecheap,,,19/09/2026 15:51
10a7a005-ba9f-4eba-8c46-c323a97d65f9,divisible.cool,available,5.98,50.98,high,low,9,namecheap,,,14/08/2026 13:57
f9620730-796e-446f-84ae-55cef2786629,sales.cool,resell,,,high,medium,5,"DNSPod, Inc.",06/01/2021 10:12,06/01/2027 10:12,
6570ec77-7909-4d72-a520-f40ab4abc0a0,according.cool,available,5.98,50.98,high,low,9,namecheap,,,
f64ef13f-2e40-4a65-8bba-efa03d7635e5,sushi.cool,resell,,,high,low,5,Dynadot Inc,08/01/2016 07:59,08/01/2027 07:59,
977d8909-20b9-44a3-8a03-dceeb5760afc,settings.cool,available,9.49,44.99,medium,low,8,namesilo,,,17/09/2026 13:18
0815a59d-9eb2-456a-a279-04d09676baa2,surgeon.cool,available,9.49,44.99,high,low,7,namesilo,,,25/09/2026 23:55
24cf967d-753f-4d8c-b5b6-6847bf0f2ff5,supervillains.cool,available,9.49,44.99,low,low,13,namesilo,,,21/09/2026 05:46
99fc1921-6bf9-43a2-a826-3f4cd7e7d352,dreamless.cool,available,5.98,50.98,medium,low,9,namecheap,,,14/08/2026 18:43
2bbf76fd-8c24-4ec7-b5ab-0eb67bc25930,hardworking.cool,available,9.99,,high,low,11,name.com,,,
b64d6aaf-c723-472f-ba73-6bfde474aa53,corpulent.cool,available,5.98,50.98,medium,low,9,namecheap,,,13/08/2026 01:57
7b85dd05-b833-477f-b3c3-1c61fe8694a3,dominate.cool,available,5.98,50.98,high,low,8,namecheap,,,16/09/2026 01:33
d4fdb389-827f-4051-83c7-524d20829859,absorbing.cool,available,9.49,44.99,high,low,9,namesilo,,,21/09/2026 15:02
0864e996-bb16-4173-8654-1bb69033446b,galilean.cool,available,5.98,50.98,medium,low,8,namecheap,,,18/08/2026 19:37
bd036dd1-ef17-493b-99f7-5dfab01dbf01,parentally.cool,available,5.98,50.98,medium,low,10,namecheap,,,15/09/2026 18:57
35f76c9d-d5be-41c1-bf1d-048dac1caf1b,lillian.cool,available,9.49,44.99,medium,low,7,namesilo,,,26/09/2026 03:34
205c97a6-26f7-4bc7-bc21-1450bfe8465a,sse.cool,available,9.49,44.99,high,low,3,namesilo,,,16/09/2026 05:18
8444c630-9915-4656-879b-f607c10ed849,geological.cool,available,5.98,50.98,high,low,10,namecheap,,,18/08/2026 22:28
34577a8d-3a30-4ca7-b131-db0e69bb408a,framework.cool,available,5.98,50.98,high,low,9,namecheap,,,25/08/2026 02:30
88807ce6-cba6-467b-bffa-fc6d125c5213,potable.cool,available,5.98,50.98,high,low,7,namecheap,,,14/08/2026 19:25
fb07f387-d204-4324-bcf1-9e3c7f4c876e,cute.cool,resell,,,high,low,4,"DNSPod, Inc.",14/04/2019 08:26,14/04/2027 08:26,24/09/2026 03:46
c66ca53a-c3c4-41c6-86b7-c0d789933204,horrific.cool,available,5.98,50.98,medium,low,8,namecheap,,,14/08/2026 08:59
0c948be5-9421-496e-881e-6d732b842998,reckless.cool,available,5.98,50.98,medium,low,8,namecheap,,,18/08/2026 10:33
359eaf11-75bc-4bd5-8077-cc6a5ba17c92,breaker.cool,available,9.49,44.99,high,low,7,namesilo,,,24/09/2026 08:24
29eec7e7-1a48-457c-b4a3-55dd30deeae9,unfriendly.cool,available,5.98,50.98,high,low,10,namecheap,,,22/08/2026 05:19
52e24f7d-911e-44d7-98a4-d847b2c3a0ff,rocky.cool,available,5.98,50.98,high,low,5,namecheap,,,23/09/2026 01:13
2dd5b7bf-5699-487d-982f-5ff1cbb9dd0d,acinose.cool,available,5.98,50.98,medium,low,7,namecheap,,,
998f3325-fab2-4dc3-90c1-e54a095b629c,maroon.cool,available,5.98,50.98,high,low,6,namecheap,,,11/08/2026 06:33
3aae293b-669e-4784-be93-6a4b7c2b71f8,fascinating.cool,available,9.99,,high,low,11,name.com,,,
07608663-f18d-434b-8795-74e3eb767158,correlated.cool,available,5.98,50.98,high,low,10,namecheap,,,13/08/2026 02:01
7c697c14-f0d6-4326-a590-1e64a4ed4216,homegrown.cool,available,5.98,50.98,high,low,9,namecheap,,,21/08/2026 10:59
195c9cc9-c1d2-46a1-86ca-d6af6f1fc61c,ilama.cool,available,9.49,44.99,medium,low,5,namesilo,,,19/09/2026 10:33
f8757869-adad-4e46-80a6-50c4b5466d8f,diabolical.cool,available,5.98,50.98,medium,low,10,namecheap,,,14/08/2026 01:30
d74cf51a-0cb9-4576-8d51-8676ea46609d,arithmancy.cool,available,5.98,50.98,medium,low,10,namecheap,,,20/09/2026 06:00
cb9a778a-2baf-4312-8099-436d16364b27,stated.cool,available,5.98,50.98,high,low,6,namecheap,,,10/09/2026 19:08
671b1106-135a-48d0-a0bc-69bde9172751,nike.cool,available,,,high,high,4,,,,
ad84b4ad-0a7f-4b07-bca7-f0637e81b307,involute.cool,available,5.98,50.98,high,low,8,namecheap,,,22/08/2026 09:12
178e9c1b-6c70-43ea-9ba7-06abe23889d6,bouncing.cool,available,9.49,44.99,high,low,8,namesilo,,,23/09/2026 01:19
b4d03281-3e8a-4c6d-8283-9dd135557ce7,testate.cool,available,5.98,50.98,medium,low,7,namecheap,,,11/09/2026 12:00
dfe4d9bc-53b8-4224-bbd3-74a8d5e852c1,rat.cool,premium,242,242,high,low,3,namesilo,,,11/08/2026 09:11
391c389a-8c6f-4860-b525-fc8a362c4286,sanely.cool,available,5.98,50.98,medium,low,6,namecheap,,,16/09/2026 00:33
60e3bbff-8685-4799-b235-1afafb9817d9,scads.cool,available,5.98,50.98,high,low,5,namecheap,,,14/09/2026 23:36
75bbdf45-0209-4b68-b046-6571821dc08c,grandfathers.cool,available,9.49,44.99,medium,low,12,namesilo,,,20/09/2026 22:52
a6e6f8dd-78e8-4d11-893c-d97ca04346a8,glinting.cool,available,5.98,50.98,high,low,8,namecheap,,,
c7ed81be-0009-4efa-8564-259f24a5aa4d,grouse.cool,available,9.49,44.99,high,low,6,namesilo,,,23/09/2026 00:24
126bdd11-76a7-449f-935f-c28a33d5d4ab,slideshow.cool,available,9.99,,high,low,10,name.com,,,
0c816d9d-3da9-4d2e-ba51-661ae3f0addc,collins.cool,available,9.49,44.99,high,low,7,namesilo,,,24/09/2026 16:19
34bfa2ae-35a3-4f92-be9f-3f52772c13e5,nineteenth.cool,available,5.98,50.98,high,low,10,namecheap,,,
a55f03e3-478e-491e-9b65-1789ee307f5b,spaceward.cool,available,9.49,44.99,medium,low,9,namesilo,,,16/09/2026 05:42
42483ec9-fde4-45d8-8865-27de9e77eefc,filmed.cool,available,5.98,50.98,high,low,6,namecheap,,,18/08/2026 04:25
0291c6e5-6a5f-4109-bf50-17aa37829088,griffiths.cool,available,9.49,44.99,medium,low,9,namesilo,,,26/09/2026 03:40
935f9fd3-0259-4365-b539-5cf395c69660,lumpish.cool,available,5.98,50.98,medium,low,7,namecheap,,,24/08/2026 11:12
c8081263-5326-4500-acf6-9098d2a3a201,vulpine.cool,available,5.98,50.98,medium,low,7,namecheap,,,13/09/2026 07:26
8763ed10-3862-479f-a2df-1977dbe2d143,athanasius.cool,available,5.98,50.98,medium,low,10,namecheap,,,20/09/2026 20:26
b33c5030-4761-4c7f-9a6b-179a4decf507,faces.cool,available,9.99,,high,low,5,name.com,,,
df48b666-a60a-48d6-b3aa-bb8583ab8c54,polyglot.cool,available,5.98,50.98,high,low,8,namecheap,,,08/09/2026 23:17
2cb84a21-abba-4ad1-be0a-a09bc939f07e,redial.cool,available,9.49,44.99,high,low,6,namesilo,,,16/09/2026 12:47
86a295bf-4454-4220-868d-617bd9c6c9d7,abiders.cool,available,9.49,44.99,high,low,7,namesilo,,,18/09/2026 03:55
59c84d7e-3ae5-4009-aafe-107dccd6226b,malign.cool,available,5.98,50.98,medium,low,6,namecheap,,,24/08/2026 13:54
a4026d15-9a50-4645-87a9-cdae35987e31,convention.cool,available,5.98,50.98,high,low,10,namecheap,,,03/09/2026 21:13
f6038f54-10d9-4387-b0b4-36857f5eff4e,bruise.cool,available,9.99,,high,low,6,name.com,,,
201954d5-a1cf-47f6-a4ec-ac47e551d707,atonality.cool,available,5.98,50.98,high,low,9,namecheap,,,21/09/2026 00:25
79e830bc-7be2-4ab3-af73-7abd842de6f3,ambit.cool,available,5.98,50.98,high,low,5,namecheap,,,18/09/2026 16:51
033a22ba-4e6c-481d-b026-4a9a4e2a09a3,immoral.cool,available,5.98,50.98,medium,low,7,namecheap,,,21/08/2026 21:10
f68d23b6-70b9-4248-b7b0-00183aa1b1cb,tracking.cool,available,9.99,,high,low,8,name.com,,,
8c02762f-4cac-4e26-85df-ab5e22e235d9,breasts.cool,available,9.99,,medium,low,7,name.com,,,
e96a257b-4cda-432a-bcd2-a6fbe7e7145b,noetic.cool,available,5.98,50.98,high,low,6,namecheap,,,22/08/2026 07:52
76bfa89e-9203-4cdb-8e19-5b10400a4b75,historical.cool,available,9.49,44.99,high,low,10,namesilo,,,24/09/2026 10:25
e3879eaf-78ec-445d-a227-f189d2b08d94,esophageal.cool,available,5.98,50.98,medium,low,10,namecheap,,,17/08/2026 13:16
583fe61b-d7b0-4935-b006-88bb8be787ae,neapolitan.cool,available,5.98,50.98,high,low,10,namecheap,,,03/09/2026 14:18
3156472d-20bd-430f-9641-35fb52897d85,sepaline.cool,available,5.98,50.98,medium,low,8,namecheap,,,10/09/2026 03:55
2dd04638-2ef7-48bc-80f7-18ec06b4243a,variably.cool,available,5.98,50.98,medium,low,8,namecheap,,,16/09/2026 10:46
dd632bab-35bb-4fe1-a8dc-0c8c2fd01219,armless.cool,available,5.98,50.98,medium,low,7,namecheap,,,06/08/2026 19:54
35331357-ee9a-499f-96bf-eea43518c525,titivate.cool,available,5.98,50.98,medium,low,8,namecheap,,,10/09/2026 16:59
eb8dd14e-5340-46d2-b8ae-ab5eba76ad63,vixenish.cool,available,5.98,50.98,medium,low,8,namecheap,,,13/09/2026 06:24
aa062c33-076f-4b6c-8917-1f82e8766587,brimless.cool,available,5.98,50.98,medium,low,8,namecheap,,,11/08/2026 04:13
bb695ef8-c7b2-4b60-932e-7a8ff8df01b8,brickly.cool,available,5.98,50.98,medium,low,7,namecheap,,,11/08/2026 03:51
211fd45a-3e4d-4379-a49d-202f3842a7fd,buying.cool,available,9.99,,high,low,6,name.com,,,
29078886-50b5-45d4-9503-d5ec30267b22,pubic.cool,available,5.98,50.98,medium,low,5,namecheap,,,09/09/2026 05:20
18729121-6e01-4301-84cf-ceeb1eb53c18,fervid.cool,available,5.98,50.98,high,low,6,namecheap,,,06/08/2026 16:19
724ed053-977d-48a7-a233-085da81fb32d,flowering.cool,available,5.98,50.98,high,low,9,namecheap,,,18/08/2026 09:02
2d7532ca-7ec0-4e48-965a-a530f9c10557,lunisolar.cool,available,5.98,50.98,medium,low,9,namecheap,,,24/08/2026 11:31
123f8b87-1e84-4bb7-9e4a-656f74f8b2be,creator.cool,resell,,,high,medium,7,"Sav.com, LLC - 21",01/02/2026 15:15,01/02/2027 15:15,22/09/2026 01:50
823363db-642b-4498-b8cd-b171ca356f74,officious.cool,available,5.98,50.98,medium,low,9,namecheap,,,11/08/2026 11:26
25ac0027-0dbb-4214-adce-e88f8161626c,monophonic.cool,available,5.98,50.98,high,low,10,namecheap,,,25/08/2026 04:55
9ac0faf6-204b-4b3c-b3a3-a6c525ebdfd6,modernity.cool,available,9.49,44.99,high,low,9,namesilo,,,24/09/2026 17:40
d6f9031b-4076-4fb2-81e4-2386a5984554,days.cool,available,,,high,low,4,,,,
83b22eff-a22b-4290-b981-0551f660505d,philadelphia.cool,premium,118.8,118.8,high,low,12,namesilo,,,
37df3b9d-2df6-4a74-b859-191f92537073,electrical.cool,available,5.98,50.98,high,low,10,namecheap,,,16/08/2026 02:39
3f5f18bd-601e-4221-951f-5d31b60fb316,unsleeping.cool,available,5.98,50.98,medium,low,10,namecheap,,,12/09/2026 20:02
bc9b0588-807c-46a0-865e-dfd270f2b089,restructure.cool,available,9.99,,high,low,11,name.com,,,
49901f79-550f-48f0-ad67-e6eed59f7166,livery.cool,available,5.98,50.98,high,low,6,namecheap,,,24/08/2026 08:06
b4529093-5171-46f2-8e62-5a2b3892d811,odd.cool,premium,118.8,118.8,high,low,3,namesilo,,,24/09/2026 03:59
a9f2dfd1-a50a-496a-a73b-1bff3e6cf028,grandpas.cool,available,5.98,50.98,medium,low,8,namecheap,,,21/09/2026 09:18
40fff35d-d4ae-4c07-b086-0a1b95958899,tug.cool,available,9.99,,high,low,3,name.com,,,
458f553e-fe23-4751-9b0f-57150de98e16,arnhem.cool,available,9.99,65.99,high,low,6,name.com,,,20/09/2026 08:09
1e56d3ae-f850-4c5d-9ef9-322fb3e8acbd,avesta.cool,available,9.49,44.99,medium,low,6,namesilo,,,21/09/2026 09:22
de7e1ce9-1047-47e4-9f49-f2121b7e0273,allele.cool,available,9.49,44.99,medium,low,6,namesilo,,,18/09/2026 10:44
3fdf652d-4284-4cbb-8f5e-eb8974373b60,apophatic.cool,available,5.98,50.98,medium,low,9,namecheap,,,06/08/2026 02:27
996f3456-4bc5-416c-bfd0-d36820d9d607,appetizer.cool,available,9.49,44.99,high,low,9,namesilo,,,19/09/2026 20:45
37ab0c2b-6b58-4275-bc95-3484f20df3fc,clx.cool,available,5.98,50.98,high,low,3,namecheap,,,
99d46720-c079-4cdb-9bed-ae4a78f7d3cd,araceae.cool,available,9.49,44.99,medium,low,7,namesilo,,,19/09/2026 23:36
40f7742c-7b7e-48dc-95c7-0e6d958a42ea,wildly.cool,available,9.49,44.99,medium,low,6,namesilo,,,16/09/2026 11:29
0632a9dd-542b-4e71-8002-fd8605298a10,alluring.cool,available,9.49,44.99,high,low,8,namesilo,,,22/09/2026 01:34
7b44bdb2-a99b-4d56-8cf7-840f003c31e7,charitably.cool,available,5.98,50.98,medium,low,10,namecheap,,,14/09/2026 06:19
ca3e4070-7fc5-4e0f-a319-eb27dff67138,unstrung.cool,available,5.98,50.98,medium,low,8,namecheap,,,12/09/2026 20:39
4c946927-960b-42cd-b01d-b9a529fb4bfe,tacking.cool,available,9.49,44.99,medium,low,7,namesilo,,,22/09/2026 12:46
490a59e3-060d-40c7-8402-c70a073c19d5,pub.cool,premium,500,,high,low,3,name.com,,,
6214edba-8619-4f1d-9d47-b5900f2fc940,siberian.cool,available,9.99,,high,low,8,name.com,,,
3b8bfd18-cca4-4af2-b60d-4afbd781f4e9,ashcan.cool,available,9.49,44.99,medium,low,6,namesilo,,,20/09/2026 13:35
3cfecee5-45f0-4081-b6d6-b60b296c7dd0,engraved.cool,available,5.98,50.98,high,low,8,namecheap,,,17/08/2026 07:40
2ce86268-3ced-49c4-874d-c2bec189a7be,pattern.cool,available,5.98,50.98,high,low,7,namecheap,,,25/08/2026 02:49
0d6254dc-9412-4185-acbd-2a9d95334710,dealership.cool,available,9.49,44.99,high,low,10,namesilo,,,25/09/2026 03:26
5e20fc5f-add6-448a-948c-2a0fa0b3c205,lissom.cool,available,5.98,50.98,medium,low,6,namecheap,,,23/08/2026 23:41
e0d6963d-eb1e-4f76-9940-b96258c2ce98,miguel.cool,available,9.49,44.99,high,low,6,namesilo,,,25/09/2026 14:22
68cb2ff4-f8e2-46bb-a14c-b5ccbd9c184b,knapsack.cool,available,9.49,44.99,high,low,8,namesilo,,,21/09/2026 14:39
6bb4dc11-d054-4e37-80ae-7ba2afb17ddd,communication.cool,available,9.49,44.99,high,low,13,namesilo,,,25/09/2026 03:16
642ef3f9-aa3e-4893-8bca-a1cb1935e7fd,saint.cool,available,5.98,50.98,high,low,5,namecheap,,,25/09/2026 23:06
ba75d2a7-ebd3-4dfd-b4b0-bda444a03c85,chubby.cool,available,5.98,50.98,high,low,6,namecheap,,,12/08/2026 07:31
d14b36a7-c6bb-4296-8e4c-c9e9f5415344,beingness.cool,available,9.49,44.99,medium,low,9,namesilo,,,23/09/2026 04:19
c800ff8d-5e77-4839-9d8d-3a1bde7fb5eb,flatulent.cool,available,5.98,50.98,medium,low,9,namecheap,,,12/08/2026 16:34
f6d236c3-8ef0-4d8c-9f38-95267d5540e4,awhile.cool,available,9.99,,medium,low,6,name.com,,,
93da9bee-6800-466f-9c08-d6b895cbb944,languid.cool,available,5.98,50.98,medium,low,7,namecheap,,,22/08/2026 18:03
7da16d40-7202-4c11-8ba1-1d3546af9010,unstained.cool,available,5.98,50.98,medium,low,9,namecheap,,,10/09/2026 18:17
08a05bfe-3974-4e22-a5c6-0f6bce5f08f2,redevelopment.cool,available,9.49,44.99,medium,low,13,namesilo,,,20/09/2026 23:43
8ab288ef-04c2-4959-bedc-dece1a8d7af9,affinity.cool,available,,,high,high,8,,,,
4ea2ea29-c136-45a0-86bd-16c30c2fd560,myalgic.cool,available,5.98,50.98,medium,low,7,namecheap,,,03/09/2026 11:57
09a3625f-39ad-4f9b-9226-95c6b2afc939,automat.cool,available,9.49,44.99,high,low,7,namesilo,,,21/09/2026 06:52
45935b50-d877-41c4-8347-efdc09d818ca,inclusive.cool,available,5.98,50.98,high,low,9,namecheap,,,22/08/2026 01:35
aff4a68c-1263-41ba-a936-b9ee67e70b3b,outbound.cool,available,5.98,50.98,high,low,8,namecheap,,,04/09/2026 18:57
3acb7161-0374-4e6d-8414-250b773b40b1,strong.cool,available,9.49,44.99,high,low,6,namesilo,,,25/09/2026 07:58
7cb0172b-b383-4374-974c-02a53337e396,vibrant.cool,available,5.98,50.98,high,low,7,namecheap,,,13/09/2026 05:05
be333763-a9a5-4f61-910a-e978359eeedc,trio.cool,available,9.49,44.99,high,low,4,namesilo,,,21/09/2026 13:05
b90f29bc-214a-421a-81fe-1bd507e903d5,nisi.cool,available,5.98,50.98,medium,low,4,namecheap,,,03/09/2026 17:44
662412a4-bb1b-4880-89d8-4ff7f0a192e7,moonstruck.cool,available,5.98,50.98,high,low,10,namecheap,,,24/08/2026 11:18
643948cf-d3b4-4fb5-90ca-00f568fa4193,acinonyx.cool,available,9.49,44.99,medium,low,8,namesilo,,,17/09/2026 01:31
5223c980-01bf-426a-bcf5-eb86a9d78f00,hornless.cool,available,5.98,50.98,medium,low,8,namecheap,,,21/08/2026 14:06
7a14a252-a454-4e67-b051-56d72e1e21d8,cameraman.cool,available,9.99,,high,low,9,name.com,,,
5b230d75-93e0-4aca-9e72-612472844255,personally.cool,available,9.99,,high,low,10,name.com,,,
64dff6b8-86be-49af-acb1-df8b28a0b15b,carved.cool,available,5.98,50.98,high,low,6,namecheap,,,11/08/2026 19:57
70bc958c-a35f-4e21-940c-50716c65edab,suggestions.cool,available,9.49,44.99,medium,low,11,namesilo,,,17/09/2026 12:49
68d0d6de-73c3-425c-9dfa-f3c13704c8a9,jarring.cool,available,5.98,50.98,medium,low,7,namecheap,,,22/08/2026 12:26
2b49dac9-3073-4e24-834c-22e9f2749566,caudate.cool,available,5.98,50.98,medium,low,7,namecheap,,,11/08/2026 22:26
b5bb0e2f-6395-4998-b96d-3bb9f8716ba1,barde.cool,available,9.49,44.99,medium,low,5,namesilo,,,22/09/2026 05:12
4936093c-fdb1-4794-a7e4-254cb17990e5,markovian.cool,available,5.98,50.98,medium,low,9,namecheap,,,24/08/2026 16:06
80ff33f8-2768-49a1-9ef3-1633d9e95e1c,titus.cool,available,9.49,44.99,high,low,5,namesilo,,,25/09/2026 05:37
3c6d1671-0ffc-4205-9728-75d02d510ef6,technetium.cool,available,9.49,44.99,medium,low,10,namesilo,,,20/09/2026 23:06
77479ea9-92be-44b0-8f14-e61ee41b8b67,accounted.cool,available,9.99,,medium,low,9,name.com,,,
3240e012-760a-4467-aa8f-ab77cd64bb82,preferred.cool,available,5.98,50.98,high,low,9,namecheap,,,09/08/2026 17:53
8f8e63ff-91f3-4a4c-b727-42979541020e,astronium.cool,available,5.98,50.98,medium,low,9,namecheap,,,20/09/2026 18:03
4bbe63eb-a0f9-4104-872d-cec64ea62985,need.cool,resell,,,high,low,4,Dynadot Inc,10/05/2026 17:00,10/05/2027 17:00,25/09/2026 21:55
a28142b7-879c-4638-bb23-10339e68070a,wrought.cool,available,5.98,50.98,high,low,7,namecheap,,,25/08/2026 03:48
dc2cc8cb-b6a5-4a04-b294-c207615986b0,enlighten.cool,available,9.99,,high,low,9,name.com,,,
ec70586b-64a9-423c-8906-0e23628f4b5d,lonely.cool,available,9.99,,high,low,6,name.com,,,
bb68e480-8840-492e-90d0-a306d0a905d2,voluntary.cool,available,5.98,50.98,high,low,9,namecheap,,,13/09/2026 07:07
9d724a00-7b72-4256-a951-28acbdd52463,braw.cool,available,5.98,50.98,medium,low,4,namecheap,,,11/08/2026 02:45
5366e57b-d505-465c-b589-ee4af13adec6,crust.cool,available,5.98,50.98,high,low,5,namecheap,,,24/09/2026 14:05
5b9964d7-97ed-4729-b1df-393ee2204bba,prying.cool,available,5.98,50.98,medium,low,6,namecheap,,,03/09/2026 21:52
af55f8ed-d15d-4050-8599-de82239943d5,drizzling.cool,available,5.98,50.98,medium,low,9,namecheap,,,14/08/2026 19:38
115e79ac-f067-4107-9155-e4b26c076411,mercy.cool,available,9.49,44.99,high,low,5,namesilo,,,25/09/2026 09:18
d3360550-dbe6-43aa-9aae-c6e30304e544,bootlicker.cool,available,5.98,50.98,medium,low,10,namecheap,,,19/09/2026 21:12
0945b2d5-5f7b-45e1-916e-05b73dd62692,picky.cool,available,5.98,50.98,high,low,5,namecheap,,,18/08/2026 05:00
cfc2c274-5cca-479a-8078-f38cb71a71a6,westerly.cool,available,5.98,50.98,medium,low,8,namecheap,,,13/09/2026 10:53
3f578baf-f12c-49dd-b74f-f6bff5e107b0,bellingham.cool,available,9.49,44.99,high,low,10,namesilo,,,23/09/2026 06:12
270e7c9c-a81f-4088-90c5-21001ce8a8b2,ticklish.cool,available,5.98,50.98,high,low,8,namecheap,,,11/09/2026 15:33
94f7da06-4969-44ff-813a-bfa85216f421,grueling.cool,available,5.98,50.98,high,low,8,namecheap,,,06/08/2026 16:45
2a5df3fb-52af-41de-802f-7e526baca3c2,ariled.cool,available,5.98,50.98,medium,low,6,namecheap,,,06/08/2026 19:09
6ab3db0b-1e62-42ba-9e27-a0c71d79991e,mysterious.cool,available,9.49,44.99,high,low,10,namesilo,,,24/09/2026 03:42
3dcaa978-d86f-4d2c-8b2c-d917ed0a585c,adrenaline.cool,available,5.98,50.98,high,low,10,namecheap,,,17/09/2026 09:55
0b1e930e-8b19-4114-ba15-035531b54353,amends.cool,available,5.98,50.98,high,low,6,namecheap,,,18/09/2026 18:41
ec7bb969-bd41-4c37-ac0f-7918f7f66517,assent.cool,available,9.49,44.99,high,low,6,namesilo,,,20/09/2026 16:09
2273506f-7806-4cff-b0c1-c015324b4b97,erotically.cool,available,5.98,50.98,medium,low,10,namecheap,,,14/09/2026 15:58
891ccab6-aae1-4f16-8a88-a9af0ef2f563,skeptical.cool,available,5.98,50.98,medium,low,9,namecheap,,,14/08/2026 09:34
080c27a7-ce5f-43cf-a3ee-361cd2a8fb12,ripened.cool,available,5.98,50.98,high,low,7,namecheap,,,09/09/2026 17:55
82302cdc-b426-4f3a-b105-103acaa2cd2c,bandana.cool,available,5.98,50.98,high,low,7,namecheap,,,22/09/2026 00:59
96d9c48e-57c1-4870-ab80-87511603f85d,beerbohm.cool,available,5.98,50.98,medium,low,8,namecheap,,,23/09/2026 01:47
7514523d-cb3c-44a5-aa71-00d1d9863da4,apogean.cool,available,5.98,50.98,medium,low,7,namecheap,,,06/08/2026 01:57
b33ec38e-841b-41d2-a64f-f8f0d662b8c5,futuristic.cool,available,5.98,50.98,high,low,10,namecheap,,,18/08/2026 19:17
ef9c20cb-d00c-4a9d-a4e3-c4a179f0bc1c,better.cool,resell,,,high,medium,6,Squarespace Domains II LLC,28/05/2019 10:47,28/05/2028 10:47,22/09/2026 20:11
511ed1c8-e2d5-43e5-a122-f89ed7ebc557,pad.cool,premium,118.8,118.8,high,low,3,namesilo,,,
d2613ad4-4d0a-4533-bfe6-0fa058b5831c,toxicant.cool,available,5.98,50.98,medium,low,8,namecheap,,,08/09/2026 22:42
be82ebe8-307a-4921-a563-f56d691b914a,deepening.cool,available,5.98,50.98,medium,low,9,namecheap,,,13/08/2026 23:00
b3e16d0d-d7b5-4c20-9a4e-58b4ded72808,lactating.cool,available,5.98,50.98,medium,low,9,namecheap,,,22/08/2026 18:18
6d479b78-8eb9-46bf-9be0-9a5483ef20e3,malian.cool,available,5.98,50.98,high,low,6,namecheap,,,24/08/2026 14:00
5ae98a3e-df67-4d36-bdd2-c57121dcda9b,batholith.cool,available,9.49,44.99,medium,low,9,namesilo,,,22/09/2026 13:43
f8c07bb8-1d78-4b16-9b67-131e1bd3604a,arcsec.cool,available,9.49,44.99,medium,low,6,namesilo,,,20/09/2026 01:25
57925ddc-2fd5-4876-881b-65a00812e40e,armoracia.cool,available,5.98,50.98,medium,low,9,namecheap,,,20/09/2026 07:23
af374810-80fa-4435-905e-6cc087ffe217,fund.cool,premium,512,512,high,low,4,namesilo,,,23/09/2026 16:38
b5a4a5a2-48bb-4559-ac02-f36df22b8524,dowry.cool,available,9.49,44.99,high,low,5,namesilo,,,24/09/2026 23:36
041efbfe-5a65-4670-a6c5-a0eb31b0dc17,biosphere.cool,available,9.99,65.99,high,low,9,name.com,,,23/09/2026 19:04
173cb8b6-05d5-4338-981d-602bf42f3783,meatless.cool,available,5.98,50.98,medium,low,8,namecheap,,,24/08/2026 18:33
bfdc1d52-a261-4c81-ba2b-b776fdc9a9b3,lumpen.cool,available,5.98,50.98,medium,low,6,namecheap,,,24/08/2026 11:14
4800e603-70df-47b6-8c47-d6add5907b6b,sideburns.cool,available,9.99,,high,low,9,name.com,,,
6b84ab2a-b576-4b72-a47a-c25872359f15,forsooth.cool,available,5.98,50.98,low,low,8,namecheap,,,14/09/2026 19:55
5d5fede9-beb1-44d6-a22a-685b5cbf9998,anaphor.cool,available,5.98,50.98,medium,low,7,namecheap,,,19/09/2026 02:12
6334efba-c926-40f2-8c1d-76e43ea1d01e,entry.cool,available,5.98,50.98,high,low,5,namecheap,,,08/09/2026 09:43
cd522e0d-cdca-4e3c-9a70-1796dcfa1928,resistive.cool,available,5.98,50.98,high,low,9,namecheap,,,09/09/2026 15:23
bf6e9d30-9b54-456c-a399-0ce0b1083f34,arable.cool,available,5.98,50.98,medium,low,6,namecheap,,,06/08/2026 11:14
ef815b59-caca-4eb6-bbd7-205a038247a2,grandparents.cool,available,9.49,44.99,high,low,12,namesilo,,,18/09/2026 06:12
89b2e1b9-6498-416c-a56b-86bbcb3df017,energetic.cool,available,5.98,50.98,high,low,9,namecheap,,,17/08/2026 05:58
c42a8509-8015-4434-af36-18d76b3835e3,wings.cool,available,9.49,44.99,high,low,5,namesilo,,,25/09/2026 11:03
e56976e5-428d-455e-8f24-dc0c242f0d7d,agential.cool,available,5.98,50.98,medium,low,8,namecheap,,,
cdc3be6a-741f-47bf-bb39-4d4cae131910,reprieve.cool,available,9.49,44.99,high,low,8,namesilo,,,16/09/2026 14:08
0bf9a806-2661-4a4a-9edd-3b2a81e35b38,herds.cool,available,5.98,50.98,medium,low,5,namecheap,,,19/09/2026 20:40
30dfdabf-1ace-49a1-8545-77db771e45f5,inheriting.cool,available,5.98,50.98,medium,low,10,namecheap,,,22/08/2026 05:04
3d99b78d-905e-43fd-a582-9abbb6679067,base.cool,resell,,,high,medium,4,,,,22/09/2026 17:31
d59d0c63-b7d7-4487-bece-8239db7cb6b9,heavenward.cool,available,5.98,50.98,medium,low,10,namecheap,,,21/08/2026 02:31
95ae4cf8-a50b-4b68-8a53-a740bda5504c,nakedly.cool,available,5.98,50.98,medium,low,7,namecheap,,,15/09/2026 16:02
f8ce0699-9a8f-4c28-80ad-fb7749124a75,defending.cool,available,5.98,50.98,high,low,9,namecheap,,,13/08/2026 23:13
4afe0292-accf-4d5d-923f-0a4a909aa4bd,solitary.cool,available,5.98,50.98,high,low,8,namecheap,,,24/08/2026 08:55
3648a4f7-c755-4f83-9ec0-0a9c98425cda,metameric.cool,available,5.98,50.98,medium,low,9,namecheap,,,24/08/2026 21:39
398a4772-9c8b-434a-be40-2daf6809815b,goldberg.cool,available,9.49,44.99,high,low,8,namesilo,,,25/09/2026 06:35
08b24792-aa7a-459e-b6ac-a90b9a8c4323,packaged.cool,available,5.98,50.98,high,low,8,namecheap,,,04/09/2026 22:44
df8cd2f8-5351-4670-b1c8-72fc702c0abe,functional.cool,available,9.49,44.99,high,low,10,namesilo,,,25/09/2026 05:04
00b6f9d1-f7ce-476b-b7c1-1ce23b6c3fa4,outdoorsy.cool,available,5.98,50.98,high,low,9,namecheap,,,04/09/2026 19:14
557b09c3-4e03-487b-915c-48cb296f2fbd,pungent.cool,available,5.98,50.98,high,low,7,namecheap,,,
8f61f943-03df-40ee-be68-a0de2c79333d,nonu.cool,available,5.98,50.98,medium,low,5,namecheap,,,03/09/2026 18:37
acba9047-891a-4e36-8aeb-1d4b008730c2,demesne.cool,available,9.49,44.99,medium,low,7,namesilo,,,17/09/2026 02:57
63c9c337-12ba-48b0-8b5b-5b97c960982b,omphalos.cool,available,5.98,50.98,high,low,8,namecheap,,,23/09/2026 06:37
b34da3aa-66ce-4bed-a6ff-1ca8b5ac12f7,fagged.cool,available,5.98,50.98,low,low,6,namecheap,,,14/08/2026 14:47
ac1c2b94-8deb-4b0e-b7e5-44acc9475453,pukka.cool,available,5.98,50.98,medium,low,5,namecheap,,,09/09/2026 05:24
24aeb0be-fc29-4274-a49e-4e95667a11f1,papaw.cool,available,5.98,50.98,medium,low,5,namecheap,,,20/09/2026 14:12
3c7c7970-5909-4f6a-a89f-666e1f535200,blenny.cool,available,5.98,50.98,medium,low,6,namecheap,,,24/09/2026 06:00
65a49516-8a15-46d2-bf00-e9ee4233be4a,annulated.cool,available,5.98,50.98,medium,low,9,namecheap,,,
49b66c32-959a-4f79-9d64-e772fea43762,satiated.cool,available,5.98,50.98,high,low,8,namecheap,,,09/09/2026 21:39
3e87cf8e-dbe7-4b89-ba56-ca49f329a34e,manycore.cool,available,9.49,44.99,medium,low,8,namesilo,,,17/09/2026 08:17
6ad087ee-ab58-4e97-9533-d373bed66f46,unable.cool,available,5.98,50.98,high,low,6,namecheap,,,11/09/2026 23:26
9b808e02-5f82-4229-b43c-88e02ff275b9,confines.cool,available,5.98,50.98,high,low,8,namecheap,,,24/09/2026 17:13
a758964b-3eb1-4521-ace7-40e53214bc73,assayer.cool,available,9.49,44.99,medium,low,7,namesilo,,,20/09/2026 15:59
15aaad76-29e6-46b0-89aa-c54fa864f1cd,wheeled.cool,available,5.98,50.98,high,low,7,namecheap,,,13/09/2026 11:20
555b1907-1eeb-4a3e-8807-a31ecd8dc92d,patriotic.cool,available,9.99,,high,low,9,name.com,,,
c7969e97-6e96-44d8-bec0-aec4569f6994,beadle.cool,available,5.98,50.98,medium,low,6,namecheap,,,22/09/2026 19:31
59e1a828-20d0-4696-a7b3-0ced39d837f6,disobedience.cool,available,9.49,44.99,high,low,12,namesilo,,,16/09/2026 12:19
7fa3d68f-eabd-4016-9206-f337f68e4478,copious.cool,available,5.98,50.98,high,low,7,namecheap,,,13/08/2026 00:28
2525ebf3-afbe-4e3c-85a6-224994316d02,malcontent.cool,available,5.98,50.98,medium,low,10,namecheap,,,14/08/2026 09:23
e8185532-99df-4677-949f-161850cbb5fd,observation.cool,available,9.49,44.99,high,low,11,namesilo,,,26/09/2026 00:49
2d2db511-df29-444f-b1a9-5b41f0de2040,bundle.cool,available,9.49,44.99,high,low,6,namesilo,,,24/09/2026 08:30
03bbac36-8651-4020-8261-c829ba127196,junket.cool,available,5.98,50.98,high,low,6,namecheap,,,22/09/2026 03:02
5a279184-30a0-4424-94b2-ba69ffe6b392,debauch.cool,available,5.98,50.98,medium,low,7,namecheap,,,13/08/2026 02:20
719242fa-ceb2-449f-b00e-acb70a048b82,tanning.cool,available,5.98,50.98,high,low,7,namecheap,,,22/08/2026 20:14
cb5c1b90-c2bc-4622-bf09-6cce2ed2f818,ascendance.cool,available,5.98,50.98,high,low,10,namecheap,,,20/09/2026 13:03
254a4abe-ba0b-4e3c-b93a-63b01b885510,ectopic.cool,available,5.98,50.98,medium,low,7,namecheap,,,14/08/2026 23:57
570241e1-387f-44d2-bf84-d17e776af152,communicate.cool,available,9.99,,high,low,11,name.com,,,
d19987e8-403c-47a4-bf41-6da6495e383e,recreation.cool,available,5.98,50.98,high,low,10,namecheap,,,24/09/2026 23:18
24dbd704-3046-4c5e-913d-4cd7f6057155,long.cool,resell,,,high,low,4,"DNSPod, Inc.",26/07/2024 17:00,26/07/2027 17:00,24/09/2026 21:14
3f684fa1-0db5-4e49-ada1-9d25518ccb4c,toxic.cool,available,9.99,,high,low,5,name.com,,,
01a12a87-7af0-4d75-8ca1-35e17c1da590,mincing.cool,available,9.99,65.99,high,low,7,name.com,,,13/08/2026 15:43
039c379e-e6b3-4915-a9d3-9e57b55c502a,gaelic.cool,available,5.98,50.98,high,low,6,namecheap,,,11/08/2026 23:40
aa8c8490-d26f-413a-821c-07a45c191640,discreet.cool,available,5.98,50.98,high,low,8,namecheap,,,12/08/2026 08:23
4f44a194-bbbf-4f24-962d-16a05314a82a,monopoly.cool,available,9.49,44.99,high,low,8,namesilo,,,25/09/2026 12:10
eaa5afb4-c9b8-4951-b892-d7c8a85bcf87,motivated.cool,available,5.98,50.98,high,low,9,namecheap,,,25/08/2026 07:31
52b63fd1-64b0-4b0f-a2c2-cc4bc1519282,abseil.cool,available,9.49,44.99,high,low,6,namesilo,,,16/09/2026 17:39
c82e63e7-f446-4752-ab37-081975fe7c2b,katari.cool,available,5.98,50.98,medium,low,6,namecheap,,,22/08/2026 15:12
85e5f368-e908-4585-af30-28ccba5ab04f,invincible.cool,available,5.98,50.98,high,low,10,namecheap,,,25/09/2026 11:10
aae74fb4-8568-4b16-a439-d78b8d770d6a,arcella.cool,available,5.98,50.98,medium,low,7,namecheap,,,20/09/2026 01:41
7ed6a223-c5c5-4084-86fb-ecd411819912,moses.cool,available,5.98,50.98,high,low,5,namecheap,,,19/09/2026 10:00
1401a8a1-8217-48b3-8d68-4e54043909fe,advancer.cool,available,9.49,44.99,medium,low,8,namesilo,,,17/09/2026 10:28
6dec7016-27a3-42dc-bb4b-cda457223489,nipponese.cool,available,5.98,50.98,medium,low,9,namecheap,,,22/08/2026 12:24
cfdaf1f2-bb96-48c7-acc8-8d5b7b0c7973,archerfish.cool,available,9.49,44.99,medium,low,10,namesilo,,,20/09/2026 01:56
6daae1c3-3539-4f24-9218-552f2268d1ce,chorus.cool,available,9.99,,high,low,6,name.com,,,
53334b09-a343-47cb-895c-a13cba99ce5f,attested.cool,available,5.98,50.98,medium,low,8,namecheap,,,07/08/2026 15:41
228f94e0-fc11-49b5-8a2d-d6b434e6ee36,integrally.cool,available,5.98,50.98,medium,low,10,namecheap,,,15/09/2026 08:51
9b6009f6-bced-4263-8043-da4ce791e870,gallican.cool,available,5.98,50.98,medium,low,8,namecheap,,,18/08/2026 19:40
bfaeeda4-8647-4c5e-87b1-03a1fe1c3f97,skint.cool,available,5.98,50.98,medium,low,5,namecheap,,,11/08/2026 05:21
021bb908-9bc3-495a-acc9-f831eb418262,beatable.cool,available,5.98,50.98,medium,low,8,namecheap,,,09/08/2026 05:37
87f14c61-6dbe-40cb-afd3-0fab32ca7b4a,sundown.cool,available,5.98,50.98,high,low,7,namecheap,,,11/09/2026 02:12
e3c5d6ea-4642-47f6-97c6-736b0010d0a7,cannabis.cool,resell,,,high,medium,8,"DNSPod, Inc.",11/10/2020 08:26,11/10/2026 08:26,
7cfec0f0-f378-43a0-8447-5f28f55feb0b,onstage.cool,available,5.98,50.98,high,low,8,namecheap,,,16/09/2026 19:36
79834df0-5a58-43cb-a22d-218397f3d01c,moire.cool,available,5.98,50.98,medium,low,5,namecheap,,,25/08/2026 03:26
6cb4de29-eda2-4446-9538-70dd006ece6a,teddy.cool,available,9.49,44.99,high,low,5,namesilo,,,24/09/2026 14:16
a9d66bdd-0a8a-4424-8dc9-179fb78f659c,weeping.cool,available,5.98,50.98,high,low,7,namecheap,,,12/08/2026 00:52
5e5d932e-23e5-4a97-a1b6-8fd0ca46a420,overshot.cool,available,5.98,50.98,medium,low,8,namecheap,,,04/09/2026 21:51
c36ee8f9-62da-42c9-b08a-ffc4159fb05d,improvised.cool,available,5.98,50.98,high,low,10,namecheap,,,21/08/2026 23:19
2cc36e28-7d37-4224-8823-ac340becc746,texted.cool,available,9.49,44.99,medium,low,6,namesilo,,,20/09/2026 17:16
b0a3d52c-9809-4bc1-8d15-aaa4b36281c2,backstretch.cool,available,9.99,,high,low,12,name.com,,,
0237f4bf-2801-4bea-ba6e-6c4140ee53a8,moonfish.cool,available,5.98,50.98,medium,low,8,namecheap,,,20/09/2026 21:37
01103d23-2cfd-4854-9080-38054cdb39d6,footing.cool,available,9.49,44.99,high,low,7,namesilo,,,22/09/2026 11:02
7167e893-e7bb-40b1-abcf-4f7014977156,coffeeberry.cool,available,9.99,,high,low,12,name.com,,,
d27f99cb-6c96-449f-b056-d07b6551fa0e,kid.cool,premium,512,512,high,low,3,namesilo,,,25/09/2026 12:09
58ce08c7-7518-4da2-9cc5-898506d4f1ac,picking.cool,available,5.98,50.98,high,low,7,namecheap,,,25/09/2026 09:58
094d2982-2392-4eef-91ec-68c9900bb93e,paton.cool,available,9.49,44.99,high,low,5,namesilo,,,18/09/2026 01:46
301df1e0-8d73-4705-80be-6d70004745f3,treasured.cool,available,5.98,50.98,high,low,9,namecheap,,,12/08/2026 04:21
b179e592-eb89-4e55-aec8-2bde8c41bf14,museum.cool,premium,512,512,high,low,6,namesilo,,,25/09/2026 23:47
54fe9756-c52a-4470-916d-eee638b99c74,clubable.cool,available,5.98,50.98,medium,low,8,namecheap,,,12/08/2026 12:57
0abc4ebf-bcfd-4724-b82e-f5df89952e4f,fairly.cool,available,5.98,50.98,high,low,6,namecheap,,,24/09/2026 16:08
07d541ff-ef8e-4e62-a074-d8b9aa7e0a40,abdomen.cool,available,5.98,50.98,high,low,7,namecheap,,,16/09/2026 14:45
a3f93f26-9983-44bc-ae47-db146ec752c3,stockings.cool,available,9.49,44.99,medium,low,9,namesilo,,,17/09/2026 08:14
42f8820f-43f2-4065-94c0-8561c5dce89e,stuffy.cool,available,5.98,50.98,high,low,6,namecheap,,,
bc303888-1ec6-4f7f-9243-80b01034a6eb,amonra.cool,available,5.98,50.98,medium,low,7,namecheap,,,18/09/2026 18:34
3f1ba2c8-b882-48d4-8f00-5af3a04d470a,anatomic.cool,available,5.98,50.98,medium,low,8,namecheap,,,
cc16b206-e79d-4beb-8c75-695e84ef6607,canton.cool,available,9.49,44.99,high,low,6,namesilo,,,23/09/2026 16:10
05acfe03-9c1d-4269-a5c7-0cbe88ace55f,archine.cool,available,9.49,44.99,medium,low,7,namesilo,,,20/09/2026 02:10
508ae73c-03b4-4518-94ec-92ccb0e2f792,osmotic.cool,available,5.98,50.98,medium,low,7,namecheap,,,04/09/2026 18:15
1e019ae6-4b18-40c0-9c26-897fdffea72f,buckshee.cool,available,5.98,50.98,medium,low,8,namecheap,,,11/08/2026 07:33
d62d6d80-0d72-4106-8dc5-9c9ff5bdecfa,henceforth.cool,available,5.98,50.98,medium,low,10,namecheap,,,15/09/2026 00:15
086dd34a-9178-44db-974d-8db45d164f3e,autarky.cool,available,5.98,50.98,medium,low,7,namecheap,,,21/09/2026 05:04
ea0ecf19-ac2d-4ab2-8e26-574cb029029d,extremist.cool,available,5.98,50.98,medium,low,9,namecheap,,,17/08/2026 19:32
f9eae3f0-eae6-45a3-8033-ea6caaa6f7f0,bassoon.cool,available,9.49,44.99,high,low,7,namesilo,,,22/09/2026 12:33
e1a84f4c-1cfa-49f1-a518-97bb16681331,caitiff.cool,available,5.98,50.98,low,low,7,namecheap,,,11/08/2026 13:26
6ee86f5c-b5f6-4c5a-93c9-d61d4fb3c125,prior.cool,available,9.99,,high,low,5,name.com,,,
b4cd671a-8004-430e-9936-b286d8d32d18,common.cool,available,5.98,50.98,high,low,6,namecheap,,,23/09/2026 15:53
2439b960-0d82-4472-a460-c95095d0e905,perennial.cool,available,5.98,50.98,high,low,9,namecheap,,,08/09/2026 16:26
620f81a3-ff4c-4c15-9cab-2b2b3127d7fe,grubby.cool,available,5.98,50.98,medium,low,6,namecheap,,,09/08/2026 09:31
74712f55-9ef2-463f-9c5c-acf24f55b506,jury.cool,available,9.49,44.99,high,low,4,namesilo,,,25/09/2026 08:06
4e4621a3-35bd-4377-862f-db6853a7ea81,nasally.cool,available,5.98,50.98,medium,low,7,namecheap,,,15/09/2026 16:10
2a6e70e4-e9d4-4da0-a1e0-1f91e514728c,unentitled.cool,available,5.98,50.98,low,low,10,namecheap,,,12/09/2026 09:07
93e2a968-5fef-4a3c-b32a-2c0d92e42f5d,recipient.cool,available,9.99,,high,low,9,name.com,,,
5fc8d572-ec9a-4179-8017-eb3c776854a0,castled.cool,available,5.98,50.98,medium,low,7,namecheap,,,11/08/2026 20:28
6695e504-708a-4871-8b36-4e6c98206254,germinal.cool,available,5.98,50.98,medium,low,8,namecheap,,,18/08/2026 22:49
f4fd088a-0119-49ad-a0d5-437c718c66da,plumbago.cool,available,9.49,44.99,medium,low,8,namesilo,,,24/09/2026 01:07
ddf3bdea-59d4-4b67-a22e-383e4a853c77,paperback.cool,available,9.99,,high,low,9,name.com,,,
7539e4c8-dd17-4e30-975c-38eade9a5ae6,boldly.cool,available,5.98,50.98,high,low,6,namecheap,,,14/09/2026 00:53
34ac50c5-7213-4b76-817e-175baa21da7d,legalize.cool,available,5.98,50.98,high,low,8,namecheap,,,22/08/2026 23:05
435c5cea-2ab7-444a-9477-dcd3efb911c4,raptor.cool,available,5.98,50.98,high,low,6,namecheap,,,23/09/2026 20:17
d374f71f-9378-4fd9-8fb2-e6b49d745a18,posthumous.cool,available,5.98,50.98,medium,low,10,namecheap,,,09/09/2026 00:25
51831443-3410-4074-b274-581cb7c57f81,reborn.cool,available,5.98,50.98,high,low,6,namecheap,,,10/08/2026 20:11
cde711a7-4a07-4b00-807e-3e2719764e1e,bias.cool,available,5.98,50.98,medium,low,4,namecheap,,,09/08/2026 18:35
6485b6f4-c7fa-489d-8436-7e03b5af4f9b,quiver.cool,available,5.98,50.98,high,low,6,namecheap,,,11/09/2026 19:13
bb9c789f-2cdf-4be9-8423-256aac8b19b0,biaxial.cool,available,5.98,50.98,medium,low,7,namecheap,,,09/08/2026 18:44
9e5b5537-d5b2-487a-b508-acaa7c2ebfcb,epiphyte.cool,available,9.49,44.99,medium,low,8,namesilo,,,17/09/2026 13:14
c5beeff4-0999-47e8-9c19-7d9e08bfefb1,outdo.cool,available,5.98,50.98,high,low,5,namecheap,,,09/08/2026 17:43
00a9117d-8959-4071-a878-ae719b3f3a56,fungoid.cool,available,5.98,50.98,medium,low,7,namecheap,,,18/08/2026 18:37
0f98bdf5-c8ab-4dbf-9a5e-7dd1d92b25b0,malar.cool,available,5.98,50.98,medium,low,5,namecheap,,,13/09/2026 15:43
2ad5ec62-44f5-4db5-bb07-cb8e76167dbd,tommyrot.cool,available,5.98,50.98,medium,low,8,namecheap,,,21/09/2026 23:53
bc92ef45-d4e5-4422-a6ef-38cda76e0ddc,pill.cool,available,9.99,,high,low,4,name.com,,,
392a61da-6c91-49c2-8504-92b4028a6fe6,equine.cool,available,5.98,50.98,high,low,6,namecheap,,,17/08/2026 11:45
453540e3-e838-47d0-8a8c-400b16008ad8,rotund.cool,available,5.98,50.98,medium,low,6,namecheap,,,13/08/2026 01:59
5a33d688-0241-45f1-a095-2b14c0ece8ff,double.cool,resell,,,high,low,6,"Chengdu West Dimension Digital Technology Co., Ltd.",09/12/2023 15:15,09/12/2026 15:15,24/09/2026 11:46
4a921889-4aea-4e16-aa17-9080d18ba87c,plodder.cool,available,5.98,50.98,medium,low,7,namecheap,,,10/09/2026 20:23
7576eb6a-5d3e-4f4a-94b2-f787db06284b,plaques.cool,available,9.49,44.99,low,low,7,namesilo,,,20/09/2026 08:19
1ffe5495-e75e-432b-9cf5-98c3f5273a76,trip.cool,resell,,,high,low,4,Squarespace Domains II LLC,21/09/2023 15:15,21/09/2027 15:15,08/09/2026 04:57
e6e3ee01-2141-46d1-9af9-f994641b1c51,fazed.cool,available,5.98,50.98,medium,low,5,namecheap,,,10/08/2026 21:00
fd96da4b-f776-49ba-a8b2-3d5622b43ccf,totemic.cool,available,5.98,50.98,medium,low,7,namecheap,,,11/09/2026 18:10
490ab69b-7552-4b45-bdec-e820ccabc483,juiceless.cool,available,5.98,50.98,medium,low,9,namecheap,,,22/08/2026 14:18
766f3f05-e0c0-4061-a1ea-86bed0628b05,amoxil.cool,available,5.98,50.98,medium,low,6,namecheap,,,18/09/2026 22:54
60813f6b-01f1-42ef-bd81-b10399974de1,fractional.cool,available,5.98,50.98,high,low,10,namecheap,,,18/08/2026 13:52
ac3862ec-0931-49fe-91ed-4f2eff9bceb9,deserving.cool,available,5.98,50.98,high,low,9,namecheap,,,14/08/2026 03:29
8860c07b-c36e-4c7d-a49e-b8317a8245ea,operatic.cool,available,5.98,50.98,high,low,8,namecheap,,,04/09/2026 16:24
5dea902b-4a52-459a-888b-da2679d3bc60,tune.cool,available,9.49,44.99,high,low,4,namesilo,,,25/09/2026 15:00
12c869bf-5a40-4e3d-bbe9-2d75397280e2,dreyfus.cool,available,9.49,44.99,high,low,7,namesilo,,,18/09/2026 06:30